county,school_dist,students_with_disabilities_final_grad_base,students_with_disabilities_graduates_total,students_with_disabilities_graduation_rate,students_with_disabilities_completers_total,students_with_disabilities_completion_rate,limited_english_proficient_final_grad_base,limited_english_proficient_graduates_total,limited_english_proficient_graduation_rate,limited_english_proficient_completers_total,limited_english_proficient_completion_rate,econ_disadvant_final_grad_base,econ_disadvant_graduates_total,econ_disadvant_graduation_rate,econ_disadvant_completers_total,econ_disadvant_completion_rate,migrant_final_grad_base,migrant_graduates_total,migrant_graduation_rate,migrant_completers_total,migrant_completion_rate,title_1_final_grad_base,title_1_graduates_total,title_1_graduation_rate,title_1_completers_total,title_1_completion_rate,homeless_final_grad_base,homeless_graduates_total,homeless_graduation_rate,homeless_completers_total,homeless_completion_rate,gifted_talented_final_grad_base,gifted_talented_graduates_total,gifted_talented_graduation_rate,gifted_talented_completers_total,gifted_talented_completion_rate
STATE TOTAL,STATE TOTAL,5775.0,3099.0,53.7,3222.0,55.8,6171.0,3289.0,53.3,3364.0,54.5,25718.0,15791.0,61.4,16726.0,65.0,384.0,214.0,55.7,223.0,58.1,7398.0,3853.0,52.1,4129.0,55.8,2394.0,1175.0,49.1,1262.0,52.7,6604.0,6048.0,91.6,6156.0,93.2
ADAMS,MAPLETON 1,49.0,18.0,36.7,19.0,38.8,219.0,73.0,33.3,76.0,34.7,374.0,142.0,38.0,154.0,41.2,8.0,5.0,62.5,5.0,62.5,218.0,118.0,54.1,124.0,56.9,41.0,12.0,29.3,16.0,39.0,44.0,27.0,61.4,27.0,61.4
ADAMS,ADAMS 12 FIVE STAR SCHOOLS,250.0,118.0,47.2,127.0,50.8,379.0,257.0,67.8,261.0,68.9,1100.0,627.0,57.0,673.0,61.2,25.0,12.0,48.0,12.0,48.0,224.0,80.0,35.7,98.0,43.8,106.0,62.0,58.5,65.0,61.3,227.0,201.0,88.5,208.0,91.6
ADAMS,ADAMS COUNTY 14,59.0,32.0,54.2,32.0,54.2,170.0,86.0,50.6,88.0,51.8,469.0,309.0,65.9,316.0,67.4,13.0,4.0,30.8,4.0,30.8,419.0,296.0,70.6,301.0,71.8,99.0,52.0,52.5,57.0,57.6,30.0,27.0,90.0,27.0,90.0
ADAMS,BRIGHTON 27J,66.0,33.0,50.0,35.0,53.0,110.0,63.0,57.3,66.0,60.0,338.0,215.0,63.6,229.0,67.8,10.0,5.0,50.0,6.0,60.0,18.0,10.0,55.6,10.0,55.6,41.0,21.0,51.2,21.0,51.2,63.0,51.0,81.0,52.0,82.5
ADAMS,BENNETT 29J,6.0,3.0,50.0,3.0,50.0,3.0,2.0,66.7,2.0,66.7,21.0,17.0,81.0,17.0,81.0,0.0,0.0,0.0,0.0,0.0,3.0,1.0,33.3,1.0,33.3,0.0,0.0,0.0,0.0,0.0,13.0,13.0,100.0,13.0,100.0
ADAMS,STRASBURG 31J,14.0,12.0,85.7,12.0,85.7,5.0,3.0,60.0,3.0,60.0,45.0,36.0,80.0,36.0,80.0,0.0,0.0,0.0,0.0,0.0,3.0,3.0,100.0,3.0,100.0,0.0,0.0,0.0,0.0,0.0,5.0,4.0,80.0,4.0,80.0
ADAMS,WESTMINSTER 50,65.0,26.0,40.0,27.0,41.5,238.0,147.0,61.8,147.0,61.8,452.0,270.0,59.7,278.0,61.5,7.0,6.0,85.7,6.0,85.7,50.0,21.0,42.0,22.0,44.0,73.0,43.0,58.9,45.0,61.6,20.0,14.0,70.0,14.0,70.0
ALAMOSA,ALAMOSA RE-11J,14.0,12.0,85.7,13.0,92.9,26.0,19.0,73.1,19.0,73.1,118.0,79.0,66.9,82.0,69.5,11.0,4.0,36.4,4.0,36.4,5.0,1.0,20.0,1.0,20.0,6.0,6.0,100.0,6.0,100.0,0.0,0.0,0.0,0.0,0.0
ALAMOSA,SANGRE DE CRISTO RE-22J,1.0,1.0,100.0,1.0,100.0,0.0,0.0,0.0,0.0,0.0,12.0,9.0,75.0,10.0,83.3,0.0,0.0,0.0,0.0,0.0,23.0,21.0,91.3,22.0,95.7,0.0,0.0,0.0,0.0,0.0,0.0,0.0,0.0,0.0,0.0
ARAPAHOE,ENGLEWOOD 1,52.0,21.0,40.4,21.0,40.4,8.0,4.0,50.0,4.0,50.0,191.0,76.0,39.8,85.0,44.5,0.0,0.0,0.0,0.0,0.0,50.0,13.0,26.0,15.0,30.0,30.0,9.0,30.0,12.0,40.0,22.0,11.0,50.0,12.0,54.5
ARAPAHOE,SHERIDAN 2,18.0,6.0,33.3,6.0,33.3,51.0,11.0,21.6,11.0,21.6,131.0,41.0,31.3,43.0,32.8,2.0,0.0,0.0,0.0,0.0,140.0,46.0,32.9,48.0,34.3,29.0,9.0,31.0,10.0,34.5,14.0,6.0,42.9,7.0,50.0
ARAPAHOE,CHERRY CREEK 5,412.0,264.0,64.1,270.0,65.5,219.0,176.0,80.4,177.0,80.8,1100.0,894.0,81.3,915.0,83.2,1.0,1.0,100.0,1.0,100.0,67.0,53.0,79.1,56.0,83.6,16.0,12.0,75.0,12.0,75.0,343.0,328.0,95.6,330.0,96.2
ARAPAHOE,LITTLETON 6,116.0,76.0,65.5,77.0,66.4,56.0,35.0,62.5,36.0,64.3,247.0,181.0,73.3,190.0,76.9,2.0,2.0,100.0,2.0,100.0,18.0,13.0,72.2,14.0,77.8,19.0,10.0,52.6,12.0,63.2,320.0,316.0,98.8,317.0,99.1
ARAPAHOE,DEER TRAIL 26J,4.0,3.0,75.0,3.0,75.0,0.0,0.0,0.0,0.0,0.0,11.0,10.0,90.9,10.0,90.9,0.0,0.0,0.0,0.0,0.0,0.0,0.0,0.0,0.0,0.0,0.0,0.0,0.0,0.0,0.0,0.0,0.0,0.0,0.0,0.0
ARAPAHOE,ADAMS-ARAPAHOE 28J,269.0,75.0,27.9,75.0,27.9,1039.0,303.0,29.2,306.0,29.5,2004.0,901.0,45.0,931.0,46.5,15.0,5.0,33.3,6.0,40.0,212.0,76.0,35.8,79.0,37.3,148.0,55.0,37.2,55.0,37.2,209.0,158.0,75.6,161.0,77.0
ARAPAHOE,BYERS 32J,3.0,3.0,100.0,3.0,100.0,0.0,0.0,0.0,0.0,0.0,10.0,10.0,100.0,10.0,100.0,0.0,0.0,0.0,0.0,0.0,1.0,1.0,100.0,1.0,100.0,1.0,1.0,100.0,1.0,100.0,1.0,1.0,100.0,1.0,100.0
ARCHULETA,ARCHULETA COUNTY 50 JT,11.0,5.0,45.5,5.0,45.5,0.0,0.0,0.0,0.0,0.0,59.0,38.0,64.4,40.0,67.8,0.0,0.0,0.0,0.0,0.0,0.0,0.0,0.0,0.0,0.0,5.0,1.0,20.0,1.0,20.0,12.0,10.0,83.3,11.0,91.7
BACA,WALSH RE-1,0.0,0.0,0.0,0.0,0.0,0.0,0.0,0.0,0.0,0.0,7.0,7.0,100.0,7.0,100.0,0.0,0.0,0.0,0.0,0.0,0.0,0.0,0.0,0.0,0.0,0.0,0.0,0.0,0.0,0.0,1.0,1.0,100.0,1.0,100.0
BACA,PRITCHETT RE-3,0.0,0.0,0.0,0.0,0.0,0.0,0.0,0.0,0.0,0.0,4.0,3.0,75.0,4.0,100.0,0.0,0.0,0.0,0.0,0.0,6.0,5.0,83.3,6.0,100.0,0.0,0.0,0.0,0.0,0.0,2.0,2.0,100.0,2.0,100.0
BACA,SPRINGFIELD RE-4,1.0,1.0,100.0,1.0,100.0,1.0,1.0,100.0,1.0,100.0,15.0,13.0,86.7,14.0,93.3,0.0,0.0,0.0,0.0,0.0,22.0,20.0,90.9,21.0,95.5,0.0,0.0,0.0,0.0,0.0,1.0,1.0,100.0,1.0,100.0
BACA,VILAS RE-5,7.0,3.0,42.9,3.0,42.9,1.0,1.0,100.0,1.0,100.0,53.0,10.0,18.9,18.0,34.0,1.0,0.0,0.0,0.0,0.0,9.0,2.0,22.2,3.0,33.3,0.0,0.0,0.0,0.0,0.0,1.0,1.0,100.0,1.0,100.0
BACA,CAMPO RE-6,1.0,1.0,100.0,1.0,100.0,0.0,0.0,0.0,0.0,0.0,3.0,3.0,100.0,3.0,100.0,0.0,0.0,0.0,0.0,0.0,1.0,1.0,100.0,1.0,100.0,0.0,0.0,0.0,0.0,0.0,1.0,1.0,100.0,1.0,100.0
BENT,LAS ANIMAS RE-1,10.0,5.0,50.0,5.0,50.0,0.0,0.0,0.0,0.0,0.0,25.0,18.0,72.0,18.0,72.0,0.0,0.0,0.0,0.0,0.0,15.0,11.0,73.3,11.0,73.3,0.0,0.0,0.0,0.0,0.0,3.0,3.0,100.0,3.0,100.0
BENT,MC CLAVE RE-2,1.0,1.0,100.0,1.0,100.0,2.0,2.0,100.0,2.0,100.0,14.0,13.0,92.9,13.0,92.9,1.0,1.0,100.0,1.0,100.0,2.0,2.0,100.0,2.0,100.0,0.0,0.0,0.0,0.0,0.0,3.0,3.0,100.0,3.0,100.0
BOULDER,ST VRAIN VALLEY RE 1J,118.0,61.0,51.7,63.0,53.4,171.0,110.0,64.3,112.0,65.5,587.0,403.0,68.7,412.0,70.2,10.0,7.0,70.0,7.0,70.0,5.0,1.0,20.0,1.0,20.0,87.0,54.0,62.1,56.0,64.4,171.0,170.0,99.4,170.0,99.4
BOULDER,BOULDER VALLEY RE 2,230.0,160.0,69.6,163.0,70.9,140.0,99.0,70.7,101.0,72.1,508.0,374.0,73.6,387.0,76.2,5.0,4.0,80.0,4.0,80.0,10.0,5.0,50.0,6.0,60.0,133.0,85.0,63.9,86.0,64.7,362.0,343.0,94.8,352.0,97.2
CHAFFEE,BUENA VISTA R-31,8.0,6.0,75.0,7.0,87.5,0.0,0.0,0.0,0.0,0.0,34.0,26.0,76.5,27.0,79.4,0.0,0.0,0.0,0.0,0.0,4.0,3.0,75.0,3.0,75.0,1.0,0.0,0.0,0.0,0.0,6.0,6.0,100.0,6.0,100.0
CHAFFEE,SALIDA R-32,9.0,6.0,66.7,6.0,66.7,5.0,5.0,100.0,5.0,100.0,25.0,19.0,76.0,19.0,76.0,0.0,0.0,0.0,0.0,0.0,69.0,61.0,88.4,62.0,89.9,2.0,1.0,50.0,1.0,50.0,11.0,11.0,100.0,11.0,100.0
CHEYENNE,KIT CARSON R-1,1.0,0.0,0.0,0.0,0.0,0.0,0.0,0.0,0.0,0.0,3.0,2.0,66.7,2.0,66.7,0.0,0.0,0.0,0.0,0.0,0.0,0.0,0.0,0.0,0.0,0.0,0.0,0.0,0.0,0.0,1.0,1.0,100.0,1.0,100.0
CHEYENNE,CHEYENNE COUNTY RE-5,1.0,0.0,0.0,0.0,0.0,1.0,1.0,100.0,1.0,100.0,7.0,5.0,71.4,6.0,85.7,2.0,2.0,100.0,2.0,100.0,0.0,0.0,0.0,0.0,0.0,0.0,0.0,0.0,0.0,0.0,0.0,0.0,0.0,0.0,0.0
CLEAR CREEK,CLEAR CREEK RE-1,7.0,6.0,85.7,6.0,85.7,2.0,2.0,100.0,2.0,100.0,22.0,18.0,81.8,18.0,81.8,0.0,0.0,0.0,0.0,0.0,0.0,0.0,0.0,0.0,0.0,0.0,0.0,0.0,0.0,0.0,16.0,16.0,100.0,16.0,100.0
CONEJOS,NORTH CONEJOS RE-1J,11.0,11.0,100.0,11.0,100.0,1.0,1.0,100.0,1.0,100.0,64.0,57.0,89.1,57.0,89.1,0.0,0.0,0.0,0.0,0.0,69.0,63.0,91.3,63.0,91.3,0.0,0.0,0.0,0.0,0.0,0.0,0.0,0.0,0.0,0.0
CONEJOS,SANFORD 6J,3.0,1.0,33.3,2.0,66.7,0.0,0.0,0.0,0.0,0.0,10.0,7.0,70.0,8.0,80.0,0.0,0.0,0.0,0.0,0.0,1.0,1.0,100.0,1.0,100.0,1.0,0.0,0.0,0.0,0.0,5.0,5.0,100.0,5.0,100.0
CONEJOS,SOUTH CONEJOS RE-10,1.0,1.0,100.0,1.0,100.0,2.0,1.0,50.0,1.0,50.0,18.0,14.0,77.8,14.0,77.8,1.0,0.0,0.0,0.0,0.0,22.0,18.0,81.8,18.0,81.8,0.0,0.0,0.0,0.0,0.0,1.0,1.0,100.0,1.0,100.0
COSTILLA,CENTENNIAL R-1,1.0,1.0,100.0,1.0,100.0,10.0,10.0,100.0,10.0,100.0,14.0,13.0,92.9,13.0,92.9,0.0,0.0,0.0,0.0,0.0,17.0,15.0,88.2,15.0,88.2,4.0,4.0,100.0,4.0,100.0,0.0,0.0,0.0,0.0,0.0
COSTILLA,SIERRA GRANDE R-30,0.0,0.0,0.0,0.0,0.0,7.0,7.0,100.0,7.0,100.0,16.0,14.0,87.5,14.0,87.5,1.0,1.0,100.0,1.0,100.0,1.0,0.0,0.0,0.0,0.0,1.0,0.0,0.0,0.0,0.0,3.0,3.0,100.0,3.0,100.0
CROWLEY,CROWLEY COUNTY RE-1-J,4.0,3.0,75.0,3.0,75.0,0.0,0.0,0.0,0.0,0.0,31.0,28.0,90.3,30.0,96.8,0.0,0.0,0.0,0.0,0.0,38.0,36.0,94.7,37.0,97.4,1.0,1.0,100.0,1.0,100.0,0.0,0.0,0.0,0.0,0.0
CUSTER,CUSTER COUNTY SCHOOL DISTRICT C-1,5.0,5.0,100.0,5.0,100.0,0.0,0.0,0.0,0.0,0.0,20.0,18.0,90.0,18.0,90.0,0.0,0.0,0.0,0.0,0.0,0.0,0.0,0.0,0.0,0.0,0.0,0.0,0.0,0.0,0.0,7.0,6.0,85.7,6.0,85.7
DELTA,DELTA COUNTY 50(J),44.0,30.0,68.2,30.0,68.2,30.0,22.0,73.3,22.0,73.3,238.0,188.0,79.0,193.0,81.1,5.0,5.0,100.0,5.0,100.0,2.0,0.0,0.0,0.0,0.0,10.0,4.0,40.0,5.0,50.0,40.0,39.0,97.5,39.0,97.5
DENVER,DENVER COUNTY 1,614.0,235.0,38.3,254.0,41.4,1000.0,527.0,52.7,543.0,54.3,3745.0,2010.0,53.7,2153.0,57.5,42.0,21.0,50.0,23.0,54.8,3581.0,1893.0,52.9,2036.0,56.9,283.0,95.0,33.6,106.0,37.5,905.0,720.0,79.6,747.0,82.5
DOLORES,DOLORES COUNTY RE NO.2,1.0,1.0,100.0,1.0,100.0,0.0,0.0,0.0,0.0,0.0,11.0,9.0,81.8,10.0,90.9,0.0,0.0,0.0,0.0,0.0,2.0,2.0,100.0,2.0,100.0,0.0,0.0,0.0,0.0,0.0,1.0,1.0,100.0,1.0,100.0
DOUGLAS,DOUGLAS COUNTY RE 1,331.0,220.0,66.5,227.0,68.6,82.0,61.0,74.4,62.0,75.6,534.0,346.0,64.8,368.0,68.9,1.0,0.0,0.0,0.0,0.0,329.0,252.0,76.6,265.0,80.5,79.0,44.0,55.7,49.0,62.0,266.0,262.0,98.5,265.0,99.6
EAGLE,EAGLE COUNTY RE 50,31.0,18.0,58.1,18.0,58.1,142.0,68.0,47.9,68.0,47.9,149.0,113.0,75.8,113.0,75.8,2.0,2.0,100.0,2.0,100.0,1.0,0.0,0.0,0.0,0.0,11.0,7.0,63.6,7.0,63.6,45.0,43.0,95.6,44.0,97.8
ELBERT,ELIZABETH C-1,12.0,10.0,83.3,10.0,83.3,4.0,1.0,25.0,1.0,25.0,36.0,29.0,80.6,29.0,80.6,0.0,0.0,0.0,0.0,0.0,0.0,0.0,0.0,0.0,0.0,0.0,0.0,0.0,0.0,0.0,24.0,23.0,95.8,23.0,95.8
ELBERT,KIOWA C-2,1.0,1.0,100.0,1.0,100.0,2.0,2.0,100.0,2.0,100.0,10.0,10.0,100.0,10.0,100.0,0.0,0.0,0.0,0.0,0.0,0.0,0.0,0.0,0.0,0.0,2.0,2.0,100.0,2.0,100.0,1.0,1.0,100.0,1.0,100.0
ELBERT,BIG SANDY 100J,4.0,4.0,100.0,4.0,100.0,0.0,0.0,0.0,0.0,0.0,14.0,13.0,92.9,13.0,92.9,0.0,0.0,0.0,0.0,0.0,0.0,0.0,0.0,0.0,0.0,0.0,0.0,0.0,0.0,0.0,0.0,0.0,0.0,0.0,0.0
ELBERT,ELBERT 200,2.0,1.0,50.0,1.0,50.0,0.0,0.0,0.0,0.0,0.0,4.0,2.0,50.0,2.0,50.0,0.0,0.0,0.0,0.0,0.0,0.0,0.0,0.0,0.0,0.0,0.0,0.0,0.0,0.0,0.0,3.0,3.0,100.0,3.0,100.0
ELBERT,AGATE 300,0.0,0.0,0.0,0.0,0.0,0.0,0.0,0.0,0.0,0.0,0.0,0.0,0.0,0.0,0.0,0.0,0.0,0.0,0.0,0.0,0.0,0.0,0.0,0.0,0.0,0.0,0.0,0.0,0.0,0.0,0.0,0.0,0.0,0.0,0.0
EL PASO,CALHAN RJ-1,5.0,4.0,80.0,4.0,80.0,0.0,0.0,0.0,0.0,0.0,23.0,21.0,91.3,21.0,91.3,0.0,0.0,0.0,0.0,0.0,6.0,6.0,100.0,6.0,100.0,1.0,1.0,100.0,1.0,100.0,5.0,5.0,100.0,5.0,100.0
EL PASO,HARRISON 2,48.0,28.0,58.3,28.0,58.3,66.0,44.0,66.7,44.0,66.7,385.0,287.0,74.5,293.0,76.1,1.0,1.0,100.0,1.0,100.0,6.0,4.0,66.7,4.0,66.7,8.0,6.0,75.0,6.0,75.0,48.0,44.0,91.7,44.0,91.7
EL PASO,WIDEFIELD 3,81.0,41.0,50.6,43.0,53.1,9.0,6.0,66.7,6.0,66.7,257.0,183.0,71.2,190.0,73.9,0.0,0.0,0.0,0.0,0.0,9.0,4.0,44.4,5.0,55.6,24.0,13.0,54.2,14.0,58.3,14.0,12.0,85.7,12.0,85.7
EL PASO,FOUNTAIN 8,32.0,23.0,71.9,23.0,71.9,9.0,8.0,88.9,8.0,88.9,161.0,122.0,75.8,124.0,77.0,0.0,0.0,0.0,0.0,0.0,3.0,2.0,66.7,2.0,66.7,39.0,26.0,66.7,26.0,66.7,1.0,1.0,100.0,1.0,100.0
EL PASO,COLORADO SPRINGS 11,189.0,66.0,34.9,69.0,36.5,125.0,60.0,48.0,63.0,50.4,1142.0,621.0,54.4,678.0,59.4,1.0,0.0,0.0,0.0,0.0,47.0,17.0,36.2,20.0,42.6,88.0,34.0,38.6,37.0,42.0,250.0,225.0,90.0,231.0,92.4
EL PASO,CHEYENNE MOUNTAIN 12,20.0,16.0,80.0,17.0,85.0,2.0,2.0,100.0,2.0,100.0,30.0,23.0,76.7,24.0,80.0,0.0,0.0,0.0,0.0,0.0,1.0,1.0,100.0,1.0,100.0,1.0,0.0,0.0,0.0,0.0,62.0,61.0,98.4,61.0,98.4
EL PASO,MANITOU SPRINGS 14,5.0,5.0,100.0,5.0,100.0,0.0,0.0,0.0,0.0,0.0,44.0,37.0,84.1,41.0,93.2,0.0,0.0,0.0,0.0,0.0,1.0,1.0,100.0,1.0,100.0,0.0,0.0,0.0,0.0,0.0,11.0,11.0,100.0,11.0,100.0
EL PASO,ACADEMY 20,111.0,65.0,58.6,69.0,62.2,28.0,21.0,75.0,21.0,75.0,276.0,210.0,76.1,216.0,78.3,0.0,0.0,0.0,0.0,0.0,2.0,2.0,100.0,2.0,100.0,11.0,6.0,54.5,6.0,54.5,294.0,287.0,97.6,290.0,98.6
EL PASO,ELLICOTT 22,4.0,1.0,25.0,1.0,25.0,1.0,1.0,100.0,1.0,100.0,37.0,30.0,81.1,31.0,83.8,1.0,1.0,100.0,1.0,100.0,24.0,23.0,95.8,23.0,95.8,2.0,1.0,50.0,1.0,50.0,1.0,1.0,100.0,1.0,100.0
EL PASO,PEYTON 23 JT,4.0,4.0,100.0,4.0,100.0,0.0,0.0,0.0,0.0,0.0,17.0,17.0,100.0,17.0,100.0,0.0,0.0,0.0,0.0,0.0,0.0,0.0,0.0,0.0,0.0,0.0,0.0,0.0,0.0,0.0,2.0,2.0,100.0,2.0,100.0
EL PASO,HANOVER 28,2.0,2.0,100.0,2.0,100.0,2.0,2.0,100.0,2.0,100.0,12.0,10.0,83.3,10.0,83.3,1.0,1.0,100.0,1.0,100.0,14.0,12.0,85.7,12.0,85.7,2.0,2.0,100.0,2.0,100.0,0.0,0.0,0.0,0.0,0.0
EL PASO,LEWIS-PALMER 38,33.0,16.0,48.5,16.0,48.5,11.0,11.0,100.0,11.0,100.0,51.0,40.0,78.4,40.0,78.4,0.0,0.0,0.0,0.0,0.0,2.0,1.0,50.0,1.0,50.0,1.0,1.0,100.0,1.0,100.0,85.0,82.0,96.5,84.0,98.8
EL PASO,FALCON 49,78.0,50.0,64.1,50.0,64.1,23.0,18.0,78.3,18.0,78.3,258.0,213.0,82.6,213.0,82.6,0.0,0.0,0.0,0.0,0.0,2.0,1.0,50.0,1.0,50.0,7.0,6.0,85.7,6.0,85.7,86.0,83.0,96.5,83.0,96.5
EL PASO,EDISON 54 JT,2.0,2.0,100.0,2.0,100.0,0.0,0.0,0.0,0.0,0.0,8.0,6.0,75.0,6.0,75.0,0.0,0.0,0.0,0.0,0.0,3.0,3.0,100.0,3.0,100.0,0.0,0.0,0.0,0.0,0.0,5.0,3.0,60.0,3.0,60.0
EL PASO,MIAMI/YODER 60 JT,2.0,1.0,50.0,1.0,50.0,0.0,0.0,0.0,0.0,0.0,10.0,9.0,90.0,9.0,90.0,0.0,0.0,0.0,0.0,0.0,1.0,1.0,100.0,1.0,100.0,0.0,0.0,0.0,0.0,0.0,0.0,0.0,0.0,0.0,0.0
FREMONT,CANON CITY RE-1,42.0,22.0,52.4,22.0,52.4,0.0,0.0,0.0,0.0,0.0,171.0,94.0,55.0,108.0,63.2,0.0,0.0,0.0,0.0,0.0,11.0,4.0,36.4,8.0,72.7,5.0,0.0,0.0,2.0,40.0,26.0,24.0,92.3,24.0,92.3
FREMONT,FREMONT RE-2,9.0,7.0,77.8,7.0,77.8,1.0,1.0,100.0,1.0,100.0,60.0,47.0,78.3,51.0,85.0,0.0,0.0,0.0,0.0,0.0,28.0,24.0,85.7,26.0,92.9,1.0,1.0,100.0,1.0,100.0,9.0,8.0,88.9,9.0,100.0
FREMONT,COTOPAXI RE-3,2.0,1.0,50.0,1.0,50.0,0.0,0.0,0.0,0.0,0.0,10.0,8.0,80.0,9.0,90.0,0.0,0.0,0.0,0.0,0.0,14.0,11.0,78.6,12.0,85.7,0.0,0.0,0.0,0.0,0.0,2.0,2.0,100.0,2.0,100.0
GARFIELD,ROARING FORK RE-1,34.0,27.0,79.4,28.0,82.4,69.0,40.0,58.0,40.0,58.0,101.0,73.0,72.3,73.0,72.3,1.0,1.0,100.0,1.0,100.0,0.0,0.0,0.0,0.0,0.0,0.0,0.0,0.0,0.0,0.0,39.0,39.0,100.0,39.0,100.0
GARFIELD,GARFIELD RE-2,21.0,16.0,76.2,16.0,76.2,44.0,28.0,63.6,32.0,72.7,149.0,90.0,60.4,111.0,74.5,0.0,0.0,0.0,0.0,0.0,7.0,0.0,0.0,2.0,28.6,6.0,5.0,83.3,6.0,100.0,18.0,16.0,88.9,18.0,100.0
GARFIELD,GARFIELD 16,4.0,3.0,75.0,3.0,75.0,7.0,6.0,85.7,6.0,85.7,48.0,36.0,75.0,37.0,77.1,1.0,1.0,100.0,1.0,100.0,0.0,0.0,0.0,0.0,0.0,1.0,1.0,100.0,1.0,100.0,1.0,1.0,100.0,1.0,100.0
GILPIN,GILPIN COUNTY RE-1,5.0,2.0,40.0,2.0,40.0,1.0,1.0,100.0,1.0,100.0,8.0,5.0,62.5,5.0,62.5,0.0,0.0,0.0,0.0,0.0,0.0,0.0,0.0,0.0,0.0,1.0,1.0,100.0,1.0,100.0,2.0,2.0,100.0,2.0,100.0
GRAND,WEST GRAND 1-JT.,1.0,1.0,100.0,1.0,100.0,0.0,0.0,0.0,0.0,0.0,5.0,5.0,100.0,5.0,100.0,0.0,0.0,0.0,0.0,0.0,0.0,0.0,0.0,0.0,0.0,0.0,0.0,0.0,0.0,0.0,1.0,1.0,100.0,1.0,100.0
GRAND,EAST GRAND 2,4.0,1.0,25.0,2.0,50.0,9.0,4.0,44.4,4.0,44.4,27.0,11.0,40.7,17.0,63.0,1.0,1.0,100.0,1.0,100.0,1.0,1.0,100.0,1.0,100.0,1.0,0.0,0.0,0.0,0.0,6.0,5.0,83.3,5.0,83.3
GUNNISON,GUNNISON WATERSHED RE1J,9.0,6.0,66.7,7.0,77.8,10.0,5.0,50.0,5.0,50.0,26.0,20.0,76.9,20.0,76.9,2.0,1.0,50.0,1.0,50.0,0.0,0.0,0.0,0.0,0.0,0.0,0.0,0.0,0.0,0.0,11.0,11.0,100.0,11.0,100.0
HINSDALE,HINSDALE COUNTY RE 1,1.0,1.0,100.0,1.0,100.0,0.0,0.0,0.0,0.0,0.0,0.0,0.0,0.0,0.0,0.0,0.0,0.0,0.0,0.0,0.0,1.0,1.0,100.0,1.0,100.0,0.0,0.0,0.0,0.0,0.0,1.0,1.0,100.0,1.0,100.0
HUERFANO,HUERFANO RE-1,5.0,4.0,80.0,5.0,100.0,0.0,0.0,0.0,0.0,0.0,33.0,25.0,75.8,28.0,84.8,0.0,0.0,0.0,0.0,0.0,4.0,3.0,75.0,3.0,75.0,0.0,0.0,0.0,0.0,0.0,5.0,5.0,100.0,5.0,100.0
HUERFANO,LA VETA RE-2,2.0,2.0,100.0,2.0,100.0,1.0,0.0,0.0,0.0,0.0,9.0,8.0,88.9,8.0,88.9,0.0,0.0,0.0,0.0,0.0,0.0,0.0,0.0,0.0,0.0,0.0,0.0,0.0,0.0,0.0,2.0,2.0,100.0,2.0,100.0
JACKSON,NORTH PARK R-1 ,2.0,1.0,50.0,1.0,50.0,1.0,1.0,100.0,1.0,100.0,8.0,6.0,75.0,6.0,75.0,0.0,0.0,0.0,0.0,0.0,13.0,12.0,92.3,12.0,92.3,0.0,0.0,0.0,0.0,0.0,2.0,2.0,100.0,2.0,100.0
JEFFERSON,JEFFERSON COUNTY R-1,602.0,378.0,62.8,392.0,65.1,398.0,205.0,51.5,209.0,52.5,2090.0,1351.0,64.6,1423.0,68.1,12.0,3.0,25.0,3.0,25.0,295.0,157.0,53.2,165.0,55.9,247.0,144.0,58.3,151.0,61.1,933.0,891.0,95.5,900.0,96.5
KIOWA,EADS RE-1,0.0,0.0,0.0,0.0,0.0,0.0,0.0,0.0,0.0,0.0,9.0,8.0,88.9,9.0,100.0,0.0,0.0,0.0,0.0,0.0,0.0,0.0,0.0,0.0,0.0,0.0,0.0,0.0,0.0,0.0,3.0,3.0,100.0,3.0,100.0
KIOWA,PLAINVIEW RE-2,0.0,0.0,0.0,0.0,0.0,0.0,0.0,0.0,0.0,0.0,1.0,0.0,0.0,1.0,100.0,0.0,0.0,0.0,0.0,0.0,0.0,0.0,0.0,0.0,0.0,0.0,0.0,0.0,0.0,0.0,1.0,1.0,100.0,1.0,100.0
KIT CARSON,ARRIBA-FLAGLER C-20,1.0,1.0,100.0,1.0,100.0,0.0,0.0,0.0,0.0,0.0,3.0,2.0,66.7,2.0,66.7,0.0,0.0,0.0,0.0,0.0,0.0,0.0,0.0,0.0,0.0,0.0,0.0,0.0,0.0,0.0,1.0,1.0,100.0,1.0,100.0
KIT CARSON,HI-PLAINS R-23,2.0,1.0,50.0,1.0,50.0,0.0,0.0,0.0,0.0,0.0,5.0,4.0,80.0,4.0,80.0,0.0,0.0,0.0,0.0,0.0,0.0,0.0,0.0,0.0,0.0,0.0,0.0,0.0,0.0,0.0,0.0,0.0,0.0,0.0,0.0
KIT CARSON,STRATTON R-4,4.0,3.0,75.0,4.0,100.0,1.0,1.0,100.0,1.0,100.0,10.0,9.0,90.0,10.0,100.0,1.0,1.0,100.0,1.0,100.0,0.0,0.0,0.0,0.0,0.0,0.0,0.0,0.0,0.0,0.0,6.0,6.0,100.0,6.0,100.0
KIT CARSON,BETHUNE R-5,0.0,0.0,0.0,0.0,0.0,1.0,1.0,100.0,1.0,100.0,7.0,7.0,100.0,7.0,100.0,1.0,1.0,100.0,1.0,100.0,0.0,0.0,0.0,0.0,0.0,0.0,0.0,0.0,0.0,0.0,2.0,2.0,100.0,2.0,100.0
KIT CARSON,BURLINGTON RE-6J,8.0,4.0,50.0,4.0,50.0,15.0,11.0,73.3,11.0,73.3,31.0,24.0,77.4,24.0,77.4,7.0,4.0,57.1,4.0,57.1,1.0,1.0,100.0,1.0,100.0,5.0,3.0,60.0,3.0,60.0,2.0,2.0,100.0,2.0,100.0
LAKE,LAKE COUNTY R-1,10.0,3.0,30.0,4.0,40.0,24.0,13.0,54.2,13.0,54.2,43.0,29.0,67.4,29.0,67.4,3.0,1.0,33.3,1.0,33.3,0.0,0.0,0.0,0.0,0.0,0.0,0.0,0.0,0.0,0.0,8.0,8.0,100.0,8.0,100.0
LA PLATA,DURANGO 9-R,34.0,22.0,64.7,23.0,67.6,5.0,2.0,40.0,2.0,40.0,116.0,67.0,57.8,80.0,69.0,0.0,0.0,0.0,0.0,0.0,0.0,0.0,0.0,0.0,0.0,3.0,0.0,0.0,2.0,66.7,49.0,47.0,95.9,48.0,98.0
LA PLATA,BAYFIELD 10 JT-R,4.0,4.0,100.0,4.0,100.0,1.0,1.0,100.0,1.0,100.0,15.0,12.0,80.0,13.0,86.7,0.0,0.0,0.0,0.0,0.0,0.0,0.0,0.0,0.0,0.0,0.0,0.0,0.0,0.0,0.0,9.0,9.0,100.0,9.0,100.0
LA PLATA,IGNACIO 11 JT,8.0,3.0,37.5,3.0,37.5,2.0,2.0,100.0,2.0,100.0,31.0,22.0,71.0,22.0,71.0,0.0,0.0,0.0,0.0,0.0,1.0,1.0,100.0,1.0,100.0,1.0,0.0,0.0,0.0,0.0,6.0,6.0,100.0,6.0,100.0
LARIMER,POUDRE R-1,190.0,110.0,57.9,114.0,60.0,121.0,88.0,72.7,88.0,72.7,617.0,448.0,72.6,469.0,76.0,4.0,3.0,75.0,3.0,75.0,5.0,1.0,20.0,1.0,20.0,113.0,77.0,68.1,81.0,71.7,274.0,268.0,97.8,270.0,98.5
BOULDER,THOMPSON R2-J,118.0,61.0,51.7,64.0,54.2,23.0,10.0,43.5,10.0,43.5,407.0,249.0,61.2,276.0,67.8,2.0,1.0,50.0,1.0,50.0,4.0,2.0,50.0,2.0,50.0,33.0,15.0,45.5,18.0,54.5,128.0,121.0,94.5,124.0,96.9
LARIMER,PARK (ESTES PARK) R-3,8.0,4.0,50.0,4.0,50.0,6.0,3.0,50.0,3.0,50.0,26.0,18.0,69.2,18.0,69.2,1.0,0.0,0.0,0.0,0.0,1.0,0.0,0.0,0.0,0.0,5.0,3.0,60.0,3.0,60.0,21.0,21.0,100.0,21.0,100.0
LAS ANIMAS,TRINIDAD 1,12.0,9.0,75.0,10.0,83.3,1.0,1.0,100.0,1.0,100.0,79.0,66.0,83.5,70.0,88.6,0.0,0.0,0.0,0.0,0.0,2.0,1.0,50.0,1.0,50.0,0.0,0.0,0.0,0.0,0.0,3.0,3.0,100.0,3.0,100.0
LAS ANIMAS,PRIMERO REORGANIZED 2,0.0,0.0,0.0,0.0,0.0,1.0,1.0,100.0,1.0,100.0,5.0,3.0,60.0,3.0,60.0,0.0,0.0,0.0,0.0,0.0,0.0,0.0,0.0,0.0,0.0,0.0,0.0,0.0,0.0,0.0,2.0,2.0,100.0,2.0,100.0
LAS ANIMAS,HOEHNE REORGANIZED 3,1.0,1.0,100.0,1.0,100.0,0.0,0.0,0.0,0.0,0.0,8.0,8.0,100.0,8.0,100.0,0.0,0.0,0.0,0.0,0.0,0.0,0.0,0.0,0.0,0.0,1.0,1.0,100.0,1.0,100.0,1.0,1.0,100.0,1.0,100.0
LAS ANIMAS,AGUILAR REORGANIZED 6,3.0,0.0,0.0,0.0,0.0,0.0,0.0,0.0,0.0,0.0,12.0,6.0,50.0,6.0,50.0,0.0,0.0,0.0,0.0,0.0,13.0,7.0,53.8,7.0,53.8,1.0,0.0,0.0,0.0,0.0,0.0,0.0,0.0,0.0,0.0
LAS ANIMAS,BRANSON REORGANIZED 82,2.0,0.0,0.0,0.0,0.0,0.0,0.0,0.0,0.0,0.0,19.0,7.0,36.8,8.0,42.1,0.0,0.0,0.0,0.0,0.0,2.0,1.0,50.0,2.0,100.0,1.0,0.0,0.0,0.0,0.0,1.0,1.0,100.0,1.0,100.0
LAS ANIMAS,KIM REORGANIZED 88,0.0,0.0,0.0,0.0,0.0,0.0,0.0,0.0,0.0,0.0,3.0,3.0,100.0,3.0,100.0,0.0,0.0,0.0,0.0,0.0,0.0,0.0,0.0,0.0,0.0,0.0,0.0,0.0,0.0,0.0,1.0,1.0,100.0,1.0,100.0
LINCOLN,GENOA-HUGO C113,2.0,0.0,0.0,0.0,0.0,0.0,0.0,0.0,0.0,0.0,10.0,4.0,40.0,4.0,40.0,0.0,0.0,0.0,0.0,0.0,1.0,0.0,0.0,0.0,0.0,0.0,0.0,0.0,0.0,0.0,0.0,0.0,0.0,0.0,0.0
LINCOLN,LIMON RE-4J,8.0,6.0,75.0,6.0,75.0,1.0,1.0,100.0,1.0,100.0,22.0,18.0,81.8,18.0,81.8,0.0,0.0,0.0,0.0,0.0,3.0,2.0,66.7,2.0,66.7,1.0,1.0,100.0,1.0,100.0,1.0,1.0,100.0,1.0,100.0
LINCOLN,KARVAL RE-23,2.0,1.0,50.0,1.0,50.0,1.0,0.0,0.0,0.0,0.0,20.0,11.0,55.0,13.0,65.0,0.0,0.0,0.0,0.0,0.0,3.0,1.0,33.3,2.0,66.7,3.0,2.0,66.7,2.0,66.7,1.0,1.0,100.0,1.0,100.0
LOGAN,VALLEY RE-1,22.0,12.0,54.5,14.0,63.6,3.0,2.0,66.7,2.0,66.7,87.0,56.0,64.4,61.0,70.1,3.0,2.0,66.7,2.0,66.7,2.0,1.0,50.0,1.0,50.0,4.0,2.0,50.0,3.0,75.0,27.0,25.0,92.6,25.0,92.6
LOGAN,FRENCHMAN RE-3,2.0,2.0,100.0,2.0,100.0,0.0,0.0,0.0,0.0,0.0,3.0,3.0,100.0,3.0,100.0,0.0,0.0,0.0,0.0,0.0,0.0,0.0,0.0,0.0,0.0,0.0,0.0,0.0,0.0,0.0,3.0,3.0,100.0,3.0,100.0
LOGAN,BUFFALO RE-4J,2.0,2.0,100.0,2.0,100.0,0.0,0.0,0.0,0.0,0.0,10.0,10.0,100.0,10.0,100.0,0.0,0.0,0.0,0.0,0.0,0.0,0.0,0.0,0.0,0.0,0.0,0.0,0.0,0.0,0.0,0.0,0.0,0.0,0.0,0.0
LOGAN,PLATEAU RE-5,0.0,0.0,0.0,0.0,0.0,0.0,0.0,0.0,0.0,0.0,4.0,4.0,100.0,4.0,100.0,0.0,0.0,0.0,0.0,0.0,2.0,2.0,100.0,2.0,100.0,0.0,0.0,0.0,0.0,0.0,1.0,1.0,100.0,1.0,100.0
MESA,DE BEQUE 49JT,0.0,0.0,0.0,0.0,0.0,0.0,0.0,0.0,0.0,0.0,4.0,3.0,75.0,3.0,75.0,0.0,0.0,0.0,0.0,0.0,0.0,0.0,0.0,0.0,0.0,0.0,0.0,0.0,0.0,0.0,2.0,2.0,100.0,2.0,100.0
MESA,PLATEAU VALLEY 50,23.0,5.0,21.7,5.0,21.7,5.0,0.0,0.0,0.0,0.0,67.0,17.0,25.4,29.0,43.3,0.0,0.0,0.0,0.0,0.0,18.0,7.0,38.9,9.0,50.0,3.0,0.0,0.0,0.0,0.0,2.0,1.0,50.0,2.0,100.0
MESA,MESA COUNTY VALLEY 51,192.0,111.0,57.8,114.0,59.4,100.0,64.0,64.0,66.0,66.0,538.0,365.0,67.8,379.0,70.4,16.0,10.0,62.5,10.0,62.5,9.0,4.0,44.4,5.0,55.6,65.0,34.0,52.3,38.0,58.5,133.0,129.0,97.0,129.0,97.0
MINERAL,CREEDE SCHOOL DISTRICT,0.0,0.0,0.0,0.0,0.0,0.0,0.0,0.0,0.0,0.0,2.0,1.0,50.0,1.0,50.0,0.0,0.0,0.0,0.0,0.0,9.0,8.0,88.9,8.0,88.9,0.0,0.0,0.0,0.0,0.0,0.0,0.0,0.0,0.0,0.0
MOFFAT,MOFFAT COUNTY RE:NO 1,10.0,8.0,80.0,8.0,80.0,4.0,3.0,75.0,3.0,75.0,68.0,44.0,64.7,46.0,67.6,0.0,0.0,0.0,0.0,0.0,0.0,0.0,0.0,0.0,0.0,8.0,2.0,25.0,2.0,25.0,2.0,2.0,100.0,2.0,100.0
MONTEZUMA,MONTEZUMA-CORTEZ RE-1,27.0,11.0,40.7,11.0,40.7,41.0,14.0,34.1,14.0,34.1,132.0,55.0,41.7,59.0,44.7,0.0,0.0,0.0,0.0,0.0,0.0,0.0,0.0,0.0,0.0,1.0,0.0,0.0,0.0,0.0,13.0,12.0,92.3,12.0,92.3
MONTEZUMA,DOLORES RE-4A,1.0,0.0,0.0,0.0,0.0,2.0,1.0,50.0,2.0,100.0,21.0,17.0,81.0,18.0,85.7,0.0,0.0,0.0,0.0,0.0,0.0,0.0,0.0,0.0,0.0,0.0,0.0,0.0,0.0,0.0,4.0,4.0,100.0,4.0,100.0
MONTEZUMA,MANCOS RE-6,2.0,2.0,100.0,2.0,100.0,1.0,1.0,100.0,1.0,100.0,13.0,12.0,92.3,13.0,100.0,0.0,0.0,0.0,0.0,0.0,0.0,0.0,0.0,0.0,0.0,2.0,2.0,100.0,2.0,100.0,3.0,3.0,100.0,3.0,100.0
MONTROSE,MONTROSE COUNTY RE-1J,31.0,13.0,41.9,13.0,41.9,54.0,33.0,61.1,33.0,61.1,266.0,187.0,70.3,190.0,71.4,9.0,1.0,11.1,2.0,22.2,6.0,1.0,16.7,1.0,16.7,19.0,11.0,57.9,11.0,57.9,49.0,47.0,95.9,49.0,100.0
MONTROSE,WEST END RE-2,1.0,1.0,100.0,1.0,100.0,0.0,0.0,0.0,0.0,0.0,5.0,3.0,60.0,3.0,60.0,0.0,0.0,0.0,0.0,0.0,0.0,0.0,0.0,0.0,0.0,0.0,0.0,0.0,0.0,0.0,1.0,1.0,100.0,1.0,100.0
MORGAN,BRUSH RE-2(J),10.0,6.0,60.0,7.0,70.0,10.0,8.0,80.0,8.0,80.0,61.0,44.0,72.1,50.0,82.0,4.0,3.0,75.0,3.0,75.0,2.0,2.0,100.0,2.0,100.0,6.0,2.0,33.3,4.0,66.7,7.0,7.0,100.0,7.0,100.0
MORGAN,FORT MORGAN RE-3,16.0,7.0,43.8,8.0,50.0,74.0,34.0,45.9,40.0,54.1,159.0,99.0,62.3,116.0,73.0,22.0,8.0,36.4,9.0,40.9,9.0,4.0,44.4,6.0,66.7,13.0,3.0,23.1,3.0,23.1,19.0,19.0,100.0,19.0,100.0
MORGAN,WELDON VALLEY RE-20(J),1.0,1.0,100.0,1.0,100.0,0.0,0.0,0.0,0.0,0.0,6.0,6.0,100.0,6.0,100.0,0.0,0.0,0.0,0.0,0.0,2.0,2.0,100.0,2.0,100.0,0.0,0.0,0.0,0.0,0.0,1.0,1.0,100.0,1.0,100.0
MORGAN,WIGGINS RE-50(J),1.0,1.0,100.0,1.0,100.0,5.0,1.0,20.0,1.0,20.0,28.0,19.0,67.9,19.0,67.9,3.0,1.0,33.3,1.0,33.3,43.0,34.0,79.1,34.0,79.1,6.0,4.0,66.7,4.0,66.7,3.0,3.0,100.0,3.0,100.0
OTERO,EAST OTERO R-1,13.0,7.0,53.8,7.0,53.8,3.0,2.0,66.7,2.0,66.7,78.0,65.0,83.3,69.0,88.5,0.0,0.0,0.0,0.0,0.0,22.0,11.0,50.0,14.0,63.6,0.0,0.0,0.0,0.0,0.0,2.0,2.0,100.0,2.0,100.0
OTERO,ROCKY FORD R-2,5.0,3.0,60.0,3.0,60.0,2.0,1.0,50.0,2.0,100.0,41.0,28.0,68.3,34.0,82.9,1.0,1.0,100.0,1.0,100.0,3.0,2.0,66.7,3.0,100.0,2.0,0.0,0.0,1.0,50.0,2.0,2.0,100.0,2.0,100.0
OTERO,MANZANOLA 3J,1.0,1.0,100.0,1.0,100.0,3.0,3.0,100.0,3.0,100.0,11.0,10.0,90.9,10.0,90.9,0.0,0.0,0.0,0.0,0.0,0.0,0.0,0.0,0.0,0.0,0.0,0.0,0.0,0.0,0.0,1.0,1.0,100.0,1.0,100.0
OTERO,FOWLER R-4J,2.0,2.0,100.0,2.0,100.0,0.0,0.0,0.0,0.0,0.0,12.0,12.0,100.0,12.0,100.0,0.0,0.0,0.0,0.0,0.0,0.0,0.0,0.0,0.0,0.0,0.0,0.0,0.0,0.0,0.0,2.0,2.0,100.0,2.0,100.0
OTERO,CHERAW 31,1.0,0.0,0.0,0.0,0.0,0.0,0.0,0.0,0.0,0.0,10.0,8.0,80.0,8.0,80.0,0.0,0.0,0.0,0.0,0.0,2.0,1.0,50.0,1.0,50.0,1.0,1.0,100.0,1.0,100.0,5.0,5.0,100.0,5.0,100.0
OTERO,SWINK 33,2.0,2.0,100.0,2.0,100.0,0.0,0.0,0.0,0.0,0.0,15.0,15.0,100.0,15.0,100.0,0.0,0.0,0.0,0.0,0.0,0.0,0.0,0.0,0.0,0.0,0.0,0.0,0.0,0.0,0.0,0.0,0.0,0.0,0.0,0.0
OURAY,OURAY R-1,5.0,4.0,80.0,4.0,80.0,3.0,1.0,33.3,1.0,33.3,11.0,8.0,72.7,8.0,72.7,0.0,0.0,0.0,0.0,0.0,1.0,0.0,0.0,0.0,0.0,0.0,0.0,0.0,0.0,0.0,0.0,0.0,0.0,0.0,0.0
OURAY,RIDGWAY R-2,3.0,1.0,33.3,2.0,66.7,0.0,0.0,0.0,0.0,0.0,6.0,4.0,66.7,5.0,83.3,0.0,0.0,0.0,0.0,0.0,0.0,0.0,0.0,0.0,0.0,0.0,0.0,0.0,0.0,0.0,2.0,2.0,100.0,2.0,100.0
PARK,PLATTE CANYON 1,12.0,8.0,66.7,8.0,66.7,0.0,0.0,0.0,0.0,0.0,30.0,20.0,66.7,21.0,70.0,0.0,0.0,0.0,0.0,0.0,1.0,0.0,0.0,0.0,0.0,1.0,0.0,0.0,0.0,0.0,9.0,7.0,77.8,7.0,77.8
PARK,PARK COUNTY RE-2,3.0,1.0,33.3,1.0,33.3,1.0,0.0,0.0,0.0,0.0,13.0,7.0,53.8,8.0,61.5,0.0,0.0,0.0,0.0,0.0,0.0,0.0,0.0,0.0,0.0,0.0,0.0,0.0,0.0,0.0,2.0,2.0,100.0,2.0,100.0
PHILLIPS,HOLYOKE RE-1J,3.0,2.0,66.7,2.0,66.7,6.0,3.0,50.0,3.0,50.0,23.0,17.0,73.9,17.0,73.9,2.0,1.0,50.0,1.0,50.0,3.0,3.0,100.0,3.0,100.0,0.0,0.0,0.0,0.0,0.0,3.0,3.0,100.0,3.0,100.0
PHILLIPS,HAXTUN RE-2J,3.0,2.0,66.7,3.0,100.0,0.0,0.0,0.0,0.0,0.0,8.0,7.0,87.5,8.0,100.0,0.0,0.0,0.0,0.0,0.0,0.0,0.0,0.0,0.0,0.0,0.0,0.0,0.0,0.0,0.0,3.0,3.0,100.0,3.0,100.0
PITKIN,ASPEN 1,8.0,6.0,75.0,8.0,100.0,10.0,6.0,60.0,6.0,60.0,16.0,13.0,81.3,14.0,87.5,0.0,0.0,0.0,0.0,0.0,0.0,0.0,0.0,0.0,0.0,0.0,0.0,0.0,0.0,0.0,4.0,4.0,100.0,4.0,100.0
PROWERS,GRANADA RE-1,1.0,1.0,100.0,1.0,100.0,2.0,2.0,100.0,2.0,100.0,9.0,9.0,100.0,9.0,100.0,0.0,0.0,0.0,0.0,0.0,0.0,0.0,0.0,0.0,0.0,1.0,1.0,100.0,1.0,100.0,3.0,3.0,100.0,3.0,100.0
PROWERS,LAMAR RE-2,7.0,6.0,85.7,6.0,85.7,4.0,2.0,50.0,2.0,50.0,82.0,47.0,57.3,51.0,62.2,6.0,3.0,50.0,3.0,50.0,66.0,37.0,56.1,39.0,59.1,0.0,0.0,0.0,0.0,0.0,11.0,11.0,100.0,11.0,100.0
PROWERS,HOLLY RE-3,2.0,2.0,100.0,2.0,100.0,3.0,3.0,100.0,3.0,100.0,13.0,13.0,100.0,13.0,100.0,1.0,1.0,100.0,1.0,100.0,2.0,2.0,100.0,2.0,100.0,0.0,0.0,0.0,0.0,0.0,4.0,4.0,100.0,4.0,100.0
PROWERS,WILEY RE-13 JT,0.0,0.0,0.0,0.0,0.0,0.0,0.0,0.0,0.0,0.0,11.0,7.0,63.6,7.0,63.6,0.0,0.0,0.0,0.0,0.0,1.0,0.0,0.0,0.0,0.0,0.0,0.0,0.0,0.0,0.0,0.0,0.0,0.0,0.0,0.0
PUEBLO,PUEBLO CITY 60,127.0,36.0,28.3,38.0,29.9,72.0,43.0,59.7,44.0,61.1,876.0,490.0,55.9,538.0,61.4,4.0,3.0,75.0,3.0,75.0,65.0,6.0,9.2,16.0,24.6,119.0,60.0,50.4,67.0,56.3,139.0,125.0,89.9,128.0,92.1
PUEBLO,PUEBLO COUNTY 70,44.0,27.0,61.4,29.0,65.9,11.0,4.0,36.4,6.0,54.5,287.0,218.0,76.0,238.0,82.9,4.0,3.0,75.0,3.0,75.0,10.0,3.0,30.0,6.0,60.0,9.0,4.0,44.4,5.0,55.6,84.0,78.0,92.9,82.0,97.6
RIO BLANCO,MEEKER RE1,2.0,2.0,100.0,2.0,100.0,1.0,1.0,100.0,1.0,100.0,9.0,8.0,88.9,8.0,88.9,0.0,0.0,0.0,0.0,0.0,1.0,0.0,0.0,0.0,0.0,0.0,0.0,0.0,0.0,0.0,6.0,6.0,100.0,6.0,100.0
RIO BLANCO,RANGELY RE-4,3.0,3.0,100.0,3.0,100.0,1.0,1.0,100.0,1.0,100.0,6.0,5.0,83.3,5.0,83.3,0.0,0.0,0.0,0.0,0.0,0.0,0.0,0.0,0.0,0.0,0.0,0.0,0.0,0.0,0.0,0.0,0.0,0.0,0.0,0.0
RIO GRANDE,DEL NORTE C-7,5.0,5.0,100.0,5.0,100.0,2.0,1.0,50.0,1.0,50.0,26.0,21.0,80.8,22.0,84.6,1.0,0.0,0.0,0.0,0.0,0.0,0.0,0.0,0.0,0.0,0.0,0.0,0.0,0.0,0.0,2.0,2.0,100.0,2.0,100.0
RIO GRANDE,MONTE VISTA C-8,6.0,2.0,33.3,2.0,33.3,7.0,5.0,71.4,5.0,71.4,74.0,45.0,60.8,55.0,74.3,6.0,3.0,50.0,4.0,66.7,2.0,2.0,100.0,2.0,100.0,3.0,1.0,33.3,2.0,66.7,2.0,2.0,100.0,2.0,100.0
RIO GRANDE,SARGENT RE-33J,0.0,0.0,0.0,0.0,0.0,0.0,0.0,0.0,0.0,0.0,15.0,13.0,86.7,15.0,100.0,0.0,0.0,0.0,0.0,0.0,0.0,0.0,0.0,0.0,0.0,0.0,0.0,0.0,0.0,0.0,4.0,3.0,75.0,4.0,100.0
ROUTT,HAYDEN RE-1,7.0,6.0,85.7,6.0,85.7,0.0,0.0,0.0,0.0,0.0,8.0,7.0,87.5,7.0,87.5,0.0,0.0,0.0,0.0,0.0,0.0,0.0,0.0,0.0,0.0,0.0,0.0,0.0,0.0,0.0,0.0,0.0,0.0,0.0,0.0
ROUTT,STEAMBOAT SPRINGS RE-2,22.0,11.0,50.0,11.0,50.0,9.0,5.0,55.6,5.0,55.6,24.0,15.0,62.5,15.0,62.5,0.0,0.0,0.0,0.0,0.0,0.0,0.0,0.0,0.0,0.0,0.0,0.0,0.0,0.0,0.0,30.0,29.0,96.7,30.0,100.0
ROUTT,SOUTH ROUTT RE 3,4.0,4.0,100.0,4.0,100.0,0.0,0.0,0.0,0.0,0.0,12.0,12.0,100.0,12.0,100.0,0.0,0.0,0.0,0.0,0.0,0.0,0.0,0.0,0.0,0.0,0.0,0.0,0.0,0.0,0.0,0.0,0.0,0.0,0.0,0.0
SAGUACHE,MOUNTAIN VALLEY RE 1,1.0,1.0,100.0,1.0,100.0,0.0,0.0,0.0,0.0,0.0,8.0,7.0,87.5,7.0,87.5,0.0,0.0,0.0,0.0,0.0,1.0,1.0,100.0,1.0,100.0,1.0,1.0,100.0,1.0,100.0,0.0,0.0,0.0,0.0,0.0
SAGUACHE,MOFFAT 2,2.0,2.0,100.0,2.0,100.0,0.0,0.0,0.0,0.0,0.0,14.0,12.0,85.7,12.0,85.7,0.0,0.0,0.0,0.0,0.0,13.0,12.0,92.3,12.0,92.3,4.0,3.0,75.0,3.0,75.0,1.0,1.0,100.0,1.0,100.0
SAGUACHE,CENTER 26 JT,6.0,3.0,50.0,3.0,50.0,10.0,6.0,60.0,6.0,60.0,36.0,27.0,75.0,27.0,75.0,6.0,3.0,50.0,3.0,50.0,8.0,5.0,62.5,5.0,62.5,3.0,2.0,66.7,2.0,66.7,1.0,1.0,100.0,1.0,100.0
SAN JUAN,SILVERTON 1,0.0,0.0,0.0,0.0,0.0,1.0,1.0,100.0,1.0,100.0,2.0,2.0,100.0,2.0,100.0,0.0,0.0,0.0,0.0,0.0,1.0,1.0,100.0,1.0,100.0,1.0,1.0,100.0,1.0,100.0,0.0,0.0,0.0,0.0,0.0
SAN MIGUEL,TELLURIDE R-1,5.0,2.0,40.0,4.0,80.0,4.0,2.0,50.0,2.0,50.0,5.0,3.0,60.0,3.0,60.0,0.0,0.0,0.0,0.0,0.0,0.0,0.0,0.0,0.0,0.0,0.0,0.0,0.0,0.0,0.0,5.0,5.0,100.0,5.0,100.0
SAN MIGUEL,NORWOOD R-2J,0.0,0.0,0.0,0.0,0.0,1.0,1.0,100.0,1.0,100.0,5.0,5.0,100.0,5.0,100.0,0.0,0.0,0.0,0.0,0.0,0.0,0.0,0.0,0.0,0.0,0.0,0.0,0.0,0.0,0.0,0.0,0.0,0.0,0.0,0.0
SEDGWICK,JULESBURG RE-1,44.0,3.0,6.8,6.0,13.6,14.0,1.0,7.1,4.0,28.6,219.0,33.0,15.1,62.0,28.3,2.0,0.0,0.0,0.0,0.0,39.0,1.0,2.6,6.0,15.4,18.0,3.0,16.7,4.0,22.2,16.0,8.0,50.0,9.0,56.3
SEDGWICK,PLATTE VALLEY RE-3,0.0,0.0,0.0,0.0,0.0,0.0,0.0,0.0,0.0,0.0,3.0,3.0,100.0,3.0,100.0,0.0,0.0,0.0,0.0,0.0,0.0,0.0,0.0,0.0,0.0,0.0,0.0,0.0,0.0,0.0,0.0,0.0,0.0,0.0,0.0
SUMMIT,SUMMIT RE-1,27.0,17.0,63.0,17.0,63.0,45.0,27.0,60.0,28.0,62.2,74.0,50.0,67.6,53.0,71.6,2.0,2.0,100.0,2.0,100.0,2.0,0.0,0.0,0.0,0.0,2.0,0.0,0.0,0.0,0.0,33.0,33.0,100.0,33.0,100.0
TELLER,CRIPPLE CREEK-VICTOR RE-1,4.0,2.0,50.0,2.0,50.0,0.0,0.0,0.0,0.0,0.0,34.0,24.0,70.6,25.0,73.5,0.0,0.0,0.0,0.0,0.0,0.0,0.0,0.0,0.0,0.0,13.0,9.0,69.2,9.0,69.2,2.0,1.0,50.0,1.0,50.0
TELLER,WOODLAND PARK RE-2,15.0,13.0,86.7,14.0,93.3,3.0,2.0,66.7,2.0,66.7,61.0,47.0,77.0,53.0,86.9,0.0,0.0,0.0,0.0,0.0,0.0,0.0,0.0,0.0,0.0,1.0,0.0,0.0,1.0,100.0,10.0,10.0,100.0,10.0,100.0
WASHINGTON,AKRON R-1,4.0,3.0,75.0,3.0,75.0,1.0,1.0,100.0,1.0,100.0,17.0,16.0,94.1,16.0,94.1,1.0,1.0,100.0,1.0,100.0,0.0,0.0,0.0,0.0,0.0,1.0,1.0,100.0,1.0,100.0,1.0,1.0,100.0,1.0,100.0
WASHINGTON,ARICKAREE R-2,0.0,0.0,0.0,0.0,0.0,0.0,0.0,0.0,0.0,0.0,0.0,0.0,0.0,0.0,0.0,0.0,0.0,0.0,0.0,0.0,0.0,0.0,0.0,0.0,0.0,0.0,0.0,0.0,0.0,0.0,0.0,0.0,0.0,0.0,0.0
WASHINGTON,OTIS R-3,0.0,0.0,0.0,0.0,0.0,0.0,0.0,0.0,0.0,0.0,6.0,6.0,100.0,6.0,100.0,0.0,0.0,0.0,0.0,0.0,0.0,0.0,0.0,0.0,0.0,0.0,0.0,0.0,0.0,0.0,6.0,6.0,100.0,6.0,100.0
WASHINGTON,LONE STAR 101,3.0,1.0,33.3,1.0,33.3,0.0,0.0,0.0,0.0,0.0,6.0,5.0,83.3,5.0,83.3,0.0,0.0,0.0,0.0,0.0,1.0,1.0,100.0,1.0,100.0,0.0,0.0,0.0,0.0,0.0,0.0,0.0,0.0,0.0,0.0
WASHINGTON,WOODLIN R-104,0.0,0.0,0.0,0.0,0.0,1.0,1.0,100.0,1.0,100.0,3.0,3.0,100.0,3.0,100.0,0.0,0.0,0.0,0.0,0.0,6.0,6.0,100.0,6.0,100.0,0.0,0.0,0.0,0.0,0.0,1.0,1.0,100.0,1.0,100.0
WELD,WELD COUNTY RE-1,14.0,10.0,71.4,11.0,78.6,15.0,9.0,60.0,9.0,60.0,54.0,38.0,70.4,40.0,74.1,4.0,2.0,50.0,2.0,50.0,0.0,0.0,0.0,0.0,0.0,0.0,0.0,0.0,0.0,0.0,11.0,11.0,100.0,11.0,100.0
WELD,EATON RE-2,2.0,1.0,50.0,1.0,50.0,3.0,2.0,66.7,2.0,66.7,26.0,21.0,80.8,22.0,84.6,0.0,0.0,0.0,0.0,0.0,0.0,0.0,0.0,0.0,0.0,2.0,2.0,100.0,2.0,100.0,13.0,13.0,100.0,13.0,100.0
WELD,KEENESBURG RE-3(J),12.0,9.0,75.0,9.0,75.0,20.0,19.0,95.0,19.0,95.0,65.0,59.0,90.8,59.0,90.8,5.0,5.0,100.0,5.0,100.0,1.0,0.0,0.0,0.0,0.0,5.0,4.0,80.0,4.0,80.0,8.0,8.0,100.0,8.0,100.0
WELD,WINDSOR RE-4,23.0,15.0,65.2,15.0,65.2,4.0,2.0,50.0,2.0,50.0,57.0,45.0,78.9,47.0,82.5,0.0,0.0,0.0,0.0,0.0,0.0,0.0,0.0,0.0,0.0,5.0,2.0,40.0,2.0,40.0,34.0,33.0,97.1,34.0,100.0
WELD,JOHNSTOWN-MILLIKEN RE-5J,8.0,7.0,87.5,7.0,87.5,15.0,10.0,66.7,11.0,73.3,69.0,43.0,62.3,50.0,72.5,2.0,1.0,50.0,1.0,50.0,1.0,1.0,100.0,1.0,100.0,1.0,1.0,100.0,1.0,100.0,5.0,5.0,100.0,5.0,100.0
WELD,GREELEY 6,148.0,93.0,62.8,97.0,65.5,201.0,149.0,74.1,150.0,74.6,794.0,571.0,71.9,600.0,75.6,43.0,34.0,79.1,34.0,79.1,85.0,47.0,55.3,48.0,56.5,76.0,47.0,61.8,50.0,65.8,146.0,140.0,95.9,143.0,97.9
WELD,PLATTE VALLEY RE-7,6.0,5.0,83.3,5.0,83.3,6.0,5.0,83.3,5.0,83.3,48.0,40.0,83.3,41.0,85.4,3.0,2.0,66.7,2.0,66.7,0.0,0.0,0.0,0.0,0.0,4.0,2.0,50.0,3.0,75.0,5.0,5.0,100.0,5.0,100.0
WELD,WELD COUNTY S/D RE-8,18.0,8.0,44.4,9.0,50.0,53.0,43.0,81.1,44.0,83.0,104.0,76.0,73.1,82.0,78.8,15.0,10.0,66.7,12.0,80.0,3.0,0.0,0.0,0.0,0.0,7.0,4.0,57.1,4.0,57.1,3.0,3.0,100.0,3.0,100.0
WELD,AULT-HIGHLAND RE-9,7.0,7.0,100.0,7.0,100.0,7.0,7.0,100.0,7.0,100.0,37.0,35.0,94.6,37.0,100.0,1.0,1.0,100.0,1.0,100.0,0.0,0.0,0.0,0.0,0.0,5.0,5.0,100.0,5.0,100.0,4.0,4.0,100.0,4.0,100.0
WELD,BRIGGSDALE RE-10,1.0,1.0,100.0,1.0,100.0,0.0,0.0,0.0,0.0,0.0,8.0,8.0,100.0,8.0,100.0,0.0,0.0,0.0,0.0,0.0,0.0,0.0,0.0,0.0,0.0,0.0,0.0,0.0,0.0,0.0,0.0,0.0,0.0,0.0,0.0
WELD,PRAIRIE RE-11,1.0,1.0,100.0,1.0,100.0,0.0,0.0,0.0,0.0,0.0,6.0,6.0,100.0,6.0,100.0,0.0,0.0,0.0,0.0,0.0,0.0,0.0,0.0,0.0,0.0,0.0,0.0,0.0,0.0,0.0,2.0,2.0,100.0,2.0,100.0
WELD,PAWNEE RE-12,0.0,0.0,0.0,0.0,0.0,0.0,0.0,0.0,0.0,0.0,2.0,2.0,100.0,2.0,100.0,0.0,0.0,0.0,0.0,0.0,9.0,9.0,100.0,9.0,100.0,0.0,0.0,0.0,0.0,0.0,1.0,1.0,100.0,1.0,100.0
YUMA,YUMA 1,1.0,0.0,0.0,0.0,0.0,15.0,12.0,80.0,12.0,80.0,30.0,25.0,83.3,26.0,86.7,2.0,1.0,50.0,1.0,50.0,11.0,8.0,72.7,8.0,72.7,4.0,1.0,25.0,1.0,25.0,5.0,5.0,100.0,5.0,100.0
YUMA,WRAY RD-2,6.0,5.0,83.3,5.0,83.3,4.0,3.0,75.0,3.0,75.0,19.0,16.0,84.2,16.0,84.2,0.0,0.0,0.0,0.0,0.0,0.0,0.0,0.0,0.0,0.0,0.0,0.0,0.0,0.0,0.0,4.0,4.0,100.0,4.0,100.0
YUMA,IDALIA RJ-3,1.0,1.0,100.0,1.0,100.0,0.0,0.0,0.0,0.0,0.0,8.0,8.0,100.0,8.0,100.0,0.0,0.0,0.0,0.0,0.0,0.0,0.0,0.0,0.0,0.0,0.0,0.0,0.0,0.0,0.0,1.0,1.0,100.0,1.0,100.0
YUMA,LIBERTY J-4,1.0,1.0,100.0,1.0,100.0,0.0,0.0,0.0,0.0,0.0,3.0,3.0,100.0,3.0,100.0,0.0,0.0,0.0,0.0,0.0,0.0,0.0,0.0,0.0,0.0,0.0,0.0,0.0,0.0,0.0,1.0,1.0,100.0,1.0,100.0
DENVER,CHARTER SCHOOL INSTITUTE,111.0,16.0,14.4,17.0,15.3,141.0,31.0,22.0,34.0,24.1,760.0,166.0,21.8,185.0,24.3,10.0,3.0,30.0,3.0,30.0,747.0,176.0,23.6,195.0,26.1,121.0,11.0,9.1,11.0,9.1,47.0,23.0,48.9,27.0,57.4
CHAFFEE,MOUNTAIN BOCES,19.0,14.0,73.7,16.0,84.2,17.0,10.0,58.8,12.0,70.6,56.0,35.0,62.5,43.0,76.8,1.0,1.0,100.0,1.0,100.0,1.0,1.0,100.0,1.0,100.0,14.0,9.0,64.3,10.0,71.4,2.0,1.0,50.0,1.0,50.0
WELD,CENTENNIAL BOCES,6.0,1.0,16.7,1.0,16.7,4.0,1.0,25.0,2.0,50.0,14.0,5.0,35.7,6.0,42.9,0.0,0.0,0.0,0.0,0.0,0.0,0.0,0.0,0.0,0.0,1.0,0.0,0.0,0.0,0.0,0.0,0.0,0.0,0.0,0.0
LA PLATA,SAN JUAN BOCES,1.0,0.0,0.0,0.0,0.0,1.0,1.0,100.0,1.0,100.0,4.0,1.0,25.0,3.0,75.0,0.0,0.0,0.0,0.0,0.0,0.0,0.0,0.0,0.0,0.0,0.0,0.0,0.0,0.0,0.0,1.0,0.0,0.0,1.0,100.0
DENVER,EXPEDITIONARY BOCES,2.0,2.0,100.0,2.0,100.0,0.0,0.0,0.0,0.0,0.0,3.0,3.0,100.0,3.0,100.0,0.0,0.0,0.0,0.0,0.0,0.0,0.0,0.0,0.0,0.0,0.0,0.0,0.0,0.0,0.0,0.0,0.0,0.0,0.0,0.0
