school_year,org_code,organization_name,category,total_pupil_count,total_stable_student_count,total_stability_rate,total_mobile_student_count,total_student_mobility_rate,total_instances_of_mobility,total_mobility_incidence_rate,total_female_pupil_count,total_female_stable_student_count,total_female_stability_rate,total_female_mobile_student_count,total_female_student_mobility_rate,total_female_instances_of_mobility,total_female_mobility_incidence_rate,total_male_pupil_count,total_male_stable_student_count,total_male_stability_rate,total_male_mobile_student_count,total_male_student_mobility_rate,total_male_instances_of_mobility,total_male_mobility_incidence_rate,total_american_indian_or_alaska_native_pupil_count,total_american_indian_or_alaska_native_stable_student_count,total_american_indian_or_alaska_native_stability_rate,total_american_indian_or_alaska_native_mobile_student_count,total_american_indian_or_alaska_native_student_mobility_rate,total_american_indian_or_alaska_native_instances_of_mobility,total_american_indian_or_alaska_native_mobility_incidence_rate,total_asian_pupil_count,total_asian_stable_student_count,total_asian_stability_rate,total_asian_mobile_student_count,total_asian_student_mobility_rate,total_asian_instances_of_mobility,total_asian_mobility_incidence_rate,total_black_or_african_american_pupil_count,total_black_or_african_american_stable_student_count,total_black_or_african_american_stability_rate,total_black_or_african_american_mobile_student_count,total_black_or_african_american_student_mobility_rate,total_black_or_african_american_instances_of_mobility,total_black_or_african_american_mobility_incidence_rate,total_hispanic_or_latino_pupil_count,total_hispanic_or_latino_stable_student_count,total_hispanic_or_latino_stability_rate,total_hispanic_or_latino_mobile_student_count,total_hispanic_or_latino_student_mobility_rate,total_hispanic_or_latino_instances_of_mobility,total_hispanic_or_latino_mobility_incidence_rate,total_white_pupil_count,total_white_stable_student_count,total_white_stability_rate,total_white_mobile_student_count,total_white_student_mobility_rate,total_white_instances_of_mobility,total_white_mobility_incidence_rate,total_native_hawaiian_or_other_pacific_islander_pupil_count,total_native_hawaiian_or_other_pacific_islander_stable_student_count,total_native_hawaiian_or_other_pacific_islander_stability_rate,total_native_hawaiian_or_other_pacific_islander_mobile_student_count,total_native_hawaiian_or_other_pacific_islander_student_mobility_rate,total_native_hawaiian_or_other_pacific_islander_instances_of_mobility,total_native_hawaiian_or_other_pacific_islander_mobility_incidence_rate,total_two_or_more_races_pupil_count,total_two_or_more_races_stable_student_count,total_two_or_more_races_stability_rate,total_two_or_more_races_mobile_student_count,total_two_or_more_races_student_mobility_rate,total_two_or_more_races_instances_of_mobility,total_two_or_more_races_mobility_incidence_rate
20112012.0,9999.0,STATE TOTAL,1STATE TOTALS (INCLUDING ALTERNATIVE SCHOOLS),939283.0,705064.0,75.1,231706.0,24.7,253577.0,27.0,458512.0,344767.0,75.2,112568.0,24.6,122761.0,26.8,480771.0,360297.0,74.9,119138.0,24.8,130816.0,27.2,8356.0,5496.0,65.8,2820.0,33.7,3172.0,38.0,28964.0,22363.0,77.2,6568.0,22.7,7074.0,24.4,48049.0,31117.0,64.8,16622.0,34.6,18690.0,38.9,301035.0,219543.0,72.9,80495.0,26.7,90374.0,30.0,521342.0,403611.0,77.4,116715.0,22.4,124994.0,24.0,2208.0,1433.0,64.9,768.0,34.8,840.0,38.0,29329.0,21501.0,73.3,7718.0,26.3,8433.0,28.8
20112012.0,10.0,MAPLETON 1,1DISTRICT TOTALS (INCLUDING ALTERNATIVE SCHOOLS),9037.0,5077.0,56.2,3919.0,43.4,4133.0,45.7,4450.0,2486.0,55.9,1946.0,43.7,2049.0,46.0,4587.0,2591.0,56.5,1973.0,43.0,2084.0,45.4,101.0,54.0,53.5,47.0,46.5,47.0,46.5,108.0,51.0,47.2,57.0,52.8,58.0,53.7,179.0,86.0,48.0,92.0,51.4,96.0,53.6,5599.0,3377.0,60.3,2194.0,39.2,2362.0,42.2,2807.0,1373.0,48.9,1422.0,50.7,1462.0,52.1,24.0,7.0,29.2,17.0,70.8,17.0,70.8,219.0,129.0,58.9,90.0,41.1,91.0,41.6
20112012.0,20.0,ADAMS 12 FIVE STAR SCHOOLS,1DISTRICT TOTALS (INCLUDING ALTERNATIVE SCHOOLS),49889.0,34283.0,68.7,15424.0,30.9,16854.0,33.8,24340.0,16773.0,68.9,7500.0,30.8,8121.0,33.4,25549.0,17510.0,68.5,7924.0,31.0,8733.0,34.2,397.0,226.0,56.9,168.0,42.3,182.0,45.8,2388.0,1936.0,81.1,450.0,18.8,505.0,21.1,1295.0,725.0,56.0,569.0,43.9,614.0,47.4,16458.0,11076.0,67.3,5304.0,32.2,6059.0,36.8,28603.0,19818.0,69.3,8691.0,30.4,9230.0,32.3,86.0,47.0,54.7,39.0,45.3,42.0,48.8,662.0,455.0,68.7,203.0,30.7,222.0,33.5
20112012.0,30.0,ADAMS COUNTY 14,1DISTRICT TOTALS (INCLUDING ALTERNATIVE SCHOOLS),8265.0,5510.0,66.7,3038.0,36.8,3397.0,41.1,3966.0,2652.0,66.9,1482.0,37.4,1650.0,41.6,4299.0,2858.0,66.5,1556.0,36.2,1747.0,40.6,67.0,43.0,64.2,25.0,37.3,27.0,40.3,20.0,16.0,80.0,4.0,20.0,4.0,20.0,222.0,107.0,48.2,115.0,51.8,119.0,53.6,6722.0,4616.0,68.7,2366.0,35.2,2660.0,39.6,1178.0,699.0,59.3,502.0,42.6,559.0,47.5,1.0,1.0,100.0,0.0,0.0,0.0,0.0,55.0,28.0,50.9,26.0,47.3,28.0,50.9
20112012.0,40.0,BRIGHTON 27J,1DISTRICT TOTALS (INCLUDING ALTERNATIVE SCHOOLS),17152.0,13109.0,76.4,3982.0,23.2,4294.0,25.0,8452.0,6475.0,76.6,1943.0,23.0,2103.0,24.9,8700.0,6634.0,76.3,2039.0,23.4,2191.0,25.2,100.0,80.0,80.0,20.0,20.0,21.0,21.0,436.0,331.0,75.9,105.0,24.1,114.0,26.1,336.0,208.0,61.9,124.0,36.9,131.0,39.0,7523.0,5721.0,76.0,1776.0,23.6,1945.0,25.9,8298.0,6440.0,77.6,1829.0,22.0,1944.0,23.4,36.0,25.0,69.4,11.0,30.6,12.0,33.3,423.0,304.0,71.9,117.0,27.7,127.0,30.0
20112012.0,50.0,BENNETT 29J,1DISTRICT TOTALS (INCLUDING ALTERNATIVE SCHOOLS),1200.0,895.0,74.6,305.0,25.4,312.0,26.0,551.0,413.0,75.0,138.0,25.0,140.0,25.4,649.0,482.0,74.3,167.0,25.7,172.0,26.5,18.0,14.0,77.8,4.0,22.2,4.0,22.2,4.0,4.0,100.0,0.0,0.0,0.0,0.0,7.0,5.0,71.4,2.0,28.6,2.0,28.6,216.0,147.0,68.1,69.0,31.9,69.0,31.9,913.0,695.0,76.1,218.0,23.9,225.0,24.6,5.0,3.0,60.0,2.0,40.0,2.0,40.0,37.0,27.0,73.0,10.0,27.0,10.0,27.0
20112012.0,60.0,STRASBURG 31J,1DISTRICT TOTALS (INCLUDING ALTERNATIVE SCHOOLS),1052.0,828.0,78.7,224.0,21.3,227.0,21.6,489.0,384.0,78.5,105.0,21.5,107.0,21.9,563.0,444.0,78.9,119.0,21.1,120.0,21.3,11.0,8.0,72.7,3.0,27.3,3.0,27.3,17.0,14.0,82.4,3.0,17.6,3.0,17.6,19.0,9.0,47.4,10.0,52.6,10.0,52.6,118.0,88.0,74.6,30.0,25.4,31.0,26.3,886.0,709.0,80.0,177.0,20.0,179.0,20.2,1.0,0.0,0.0,1.0,100.0,1.0,100.0,0.0,0.0,0.0,0.0,0.0,0.0,0.0
20112012.0,70.0,WESTMINSTER 50,1DISTRICT TOTALS (INCLUDING ALTERNATIVE SCHOOLS),11951.0,7570.0,63.3,4330.0,36.2,4708.0,39.4,5846.0,3646.0,62.4,2178.0,37.3,2368.0,40.5,6105.0,3924.0,64.3,2152.0,35.2,2340.0,38.3,94.0,56.0,59.6,38.0,40.4,43.0,45.7,574.0,434.0,75.6,139.0,24.2,151.0,26.3,196.0,92.0,46.9,104.0,53.1,108.0,55.1,8461.0,5411.0,64.0,3014.0,35.6,3291.0,38.9,2437.0,1457.0,59.8,966.0,39.6,1042.0,42.8,18.0,8.0,44.4,10.0,55.6,11.0,61.1,171.0,112.0,65.5,59.0,34.5,62.0,36.3
20112012.0,100.0,ALAMOSA RE-11J,1DISTRICT TOTALS (INCLUDING ALTERNATIVE SCHOOLS),2420.0,1641.0,67.8,771.0,31.9,833.0,34.4,1181.0,809.0,68.5,368.0,31.2,397.0,33.6,1239.0,832.0,67.2,403.0,32.5,436.0,35.2,16.0,9.0,56.3,7.0,43.8,7.0,43.8,23.0,16.0,69.6,7.0,30.4,7.0,30.4,12.0,7.0,58.3,5.0,41.7,5.0,41.7,1518.0,1053.0,69.4,459.0,30.2,510.0,33.6,814.0,538.0,66.1,275.0,33.8,285.0,35.0,2.0,1.0,50.0,1.0,50.0,1.0,50.0,35.0,17.0,48.6,17.0,48.6,18.0,51.4
20112012.0,110.0,SANGRE DE CRISTO RE-22J,1DISTRICT TOTALS (INCLUDING ALTERNATIVE SCHOOLS),355.0,241.0,67.9,114.0,32.1,117.0,33.0,173.0,111.0,64.2,62.0,35.8,64.0,37.0,182.0,130.0,71.4,52.0,28.6,53.0,29.1,1.0,1.0,100.0,0.0,0.0,0.0,0.0,2.0,0.0,0.0,2.0,100.0,2.0,100.0,2.0,1.0,50.0,1.0,50.0,1.0,50.0,97.0,80.0,82.5,17.0,17.5,18.0,18.6,244.0,155.0,63.5,89.0,36.5,91.0,37.3,5.0,4.0,80.0,1.0,20.0,1.0,20.0,4.0,0.0,0.0,4.0,100.0,4.0,100.0
20112012.0,120.0,ENGLEWOOD 1,1DISTRICT TOTALS (INCLUDING ALTERNATIVE SCHOOLS),3496.0,2117.0,60.6,1364.0,39.0,1512.0,43.2,1673.0,1016.0,60.7,649.0,38.8,714.0,42.7,1823.0,1101.0,60.4,715.0,39.2,798.0,43.8,43.0,26.0,60.5,17.0,39.5,21.0,48.8,37.0,25.0,67.6,12.0,32.4,13.0,35.1,148.0,61.0,41.2,86.0,58.1,93.0,62.8,1282.0,755.0,58.9,522.0,40.7,576.0,44.9,1889.0,1202.0,63.6,678.0,35.9,755.0,40.0,11.0,6.0,54.5,5.0,45.5,5.0,45.5,86.0,42.0,48.8,44.0,51.2,49.0,57.0
20112012.0,123.0,SHERIDAN 2,1DISTRICT TOTALS (INCLUDING ALTERNATIVE SCHOOLS),1848.0,1169.0,63.3,680.0,36.8,702.0,38.0,902.0,563.0,62.4,339.0,37.6,349.0,38.7,946.0,606.0,64.1,341.0,36.0,353.0,37.3,21.0,14.0,66.7,7.0,33.3,7.0,33.3,40.0,31.0,77.5,9.0,22.5,9.0,22.5,86.0,40.0,46.5,46.0,53.5,49.0,57.0,1338.0,869.0,64.9,470.0,35.1,484.0,36.2,332.0,200.0,60.2,132.0,39.8,137.0,41.3,2.0,1.0,50.0,1.0,50.0,1.0,50.0,29.0,14.0,48.3,15.0,51.7,15.0,51.7
20112012.0,130.0,CHERRY CREEK 5,1DISTRICT TOTALS (INCLUDING ALTERNATIVE SCHOOLS),56418.0,45451.0,80.6,10922.0,19.4,11301.0,20.0,27427.0,22268.0,81.2,5132.0,18.7,5300.0,19.3,28991.0,23183.0,80.0,5790.0,20.0,6001.0,20.7,302.0,235.0,77.8,67.0,22.2,72.0,23.8,4486.0,3725.0,83.0,759.0,16.9,800.0,17.8,7179.0,5230.0,72.9,1942.0,27.1,2011.0,28.0,10364.0,7829.0,75.5,2525.0,24.4,2610.0,25.2,31361.0,26252.0,83.7,5090.0,16.2,5249.0,16.7,149.0,114.0,76.5,35.0,23.5,35.0,23.5,2577.0,2066.0,80.2,504.0,19.6,524.0,20.3
20112012.0,140.0,LITTLETON 6,1DISTRICT TOTALS (INCLUDING ALTERNATIVE SCHOOLS),16504.0,13418.0,81.3,3075.0,18.6,3203.0,19.4,8082.0,6625.0,82.0,1452.0,18.0,1505.0,18.6,8422.0,6793.0,80.7,1623.0,19.3,1698.0,20.2,101.0,72.0,71.3,28.0,27.7,30.0,29.7,536.0,418.0,78.0,118.0,22.0,123.0,22.9,229.0,153.0,66.8,75.0,32.8,78.0,34.1,2699.0,2057.0,76.2,640.0,23.7,674.0,25.0,12296.0,10229.0,83.2,2062.0,16.8,2140.0,17.4,19.0,13.0,68.4,6.0,31.6,6.0,31.6,624.0,476.0,76.3,146.0,23.4,152.0,24.4
20112012.0,170.0,DEER TRAIL 26J,1DISTRICT TOTALS (INCLUDING ALTERNATIVE SCHOOLS),185.0,130.0,70.3,55.0,29.7,61.0,33.0,86.0,59.0,68.6,27.0,31.4,31.0,36.0,99.0,71.0,71.7,28.0,28.3,30.0,30.3,1.0,0.0,0.0,1.0,100.0,1.0,100.0,2.0,2.0,100.0,0.0,0.0,0.0,0.0,1.0,1.0,100.0,0.0,0.0,0.0,0.0,18.0,10.0,55.6,8.0,44.4,9.0,50.0,162.0,117.0,72.2,45.0,27.8,50.0,30.9,0.0,0.0,0.0,0.0,0.0,0.0,0.0,1.0,0.0,0.0,1.0,100.0,1.0,100.0
20112012.0,180.0,ADAMS-ARAPAHOE 28J,1DISTRICT TOTALS (INCLUDING ALTERNATIVE SCHOOLS),45673.0,31436.0,68.8,13911.0,30.5,15360.0,33.6,22044.0,15145.0,68.7,6747.0,30.6,7431.0,33.7,23629.0,16291.0,68.9,7164.0,30.3,7929.0,33.6,343.0,221.0,64.4,120.0,35.0,132.0,38.5,2009.0,1386.0,69.0,617.0,30.7,660.0,32.9,8242.0,5233.0,63.5,2938.0,35.6,3260.0,39.6,23087.0,16700.0,72.3,6211.0,26.9,6975.0,30.2,10070.0,6736.0,66.9,3275.0,32.5,3523.0,35.0,215.0,137.0,63.7,78.0,36.3,81.0,37.7,1707.0,1023.0,59.9,672.0,39.4,729.0,42.7
20112012.0,190.0,BYERS 32J,1DISTRICT TOTALS (INCLUDING ALTERNATIVE SCHOOLS),515.0,388.0,75.3,127.0,24.7,130.0,25.2,257.0,198.0,77.0,59.0,23.0,61.0,23.7,258.0,190.0,73.6,68.0,26.4,69.0,26.7,0.0,0.0,0.0,0.0,0.0,0.0,0.0,3.0,3.0,100.0,0.0,0.0,0.0,0.0,5.0,3.0,60.0,2.0,40.0,2.0,40.0,56.0,43.0,76.8,13.0,23.2,13.0,23.2,436.0,330.0,75.7,106.0,24.3,109.0,25.0,2.0,1.0,50.0,1.0,50.0,1.0,50.0,13.0,8.0,61.5,5.0,38.5,5.0,38.5
20112012.0,220.0,ARCHULETA COUNTY 50 JT,1DISTRICT TOTALS (INCLUDING ALTERNATIVE SCHOOLS),1641.0,1218.0,74.2,422.0,25.7,452.0,27.5,786.0,596.0,75.8,190.0,24.2,204.0,26.0,855.0,622.0,72.7,232.0,27.1,248.0,29.0,35.0,15.0,42.9,19.0,54.3,22.0,62.9,15.0,11.0,73.3,4.0,26.7,4.0,26.7,21.0,14.0,66.7,7.0,33.3,7.0,33.3,405.0,311.0,76.8,94.0,23.2,100.0,24.7,1150.0,858.0,74.6,292.0,25.4,313.0,27.2,1.0,0.0,0.0,1.0,100.0,1.0,100.0,14.0,9.0,64.3,5.0,35.7,5.0,35.7
20112012.0,230.0,WALSH RE-1,1DISTRICT TOTALS (INCLUDING ALTERNATIVE SCHOOLS),150.0,118.0,78.7,32.0,21.3,34.0,22.7,72.0,50.0,69.4,22.0,30.6,23.0,31.9,78.0,68.0,87.2,10.0,12.8,11.0,14.1,1.0,1.0,100.0,0.0,0.0,0.0,0.0,0.0,0.0,0.0,0.0,0.0,0.0,0.0,0.0,0.0,0.0,0.0,0.0,0.0,0.0,28.0,15.0,53.6,13.0,46.4,15.0,53.6,120.0,101.0,84.2,19.0,15.8,19.0,15.8,0.0,0.0,0.0,0.0,0.0,0.0,0.0,1.0,1.0,100.0,0.0,0.0,0.0,0.0
20112012.0,240.0,PRITCHETT RE-3,1DISTRICT TOTALS (INCLUDING ALTERNATIVE SCHOOLS),74.0,43.0,58.1,31.0,41.9,31.0,41.9,33.0,20.0,60.6,13.0,39.4,13.0,39.4,41.0,23.0,56.1,18.0,43.9,18.0,43.9,0.0,0.0,0.0,0.0,0.0,0.0,0.0,0.0,0.0,0.0,0.0,0.0,0.0,0.0,0.0,0.0,0.0,0.0,0.0,0.0,0.0,11.0,5.0,45.5,6.0,54.5,6.0,54.5,62.0,37.0,59.7,25.0,40.3,25.0,40.3,0.0,0.0,0.0,0.0,0.0,0.0,0.0,1.0,1.0,100.0,0.0,0.0,0.0,0.0
20112012.0,250.0,SPRINGFIELD RE-4,1DISTRICT TOTALS (INCLUDING ALTERNATIVE SCHOOLS),292.0,218.0,74.7,74.0,25.3,79.0,27.1,143.0,110.0,76.9,33.0,23.1,37.0,25.9,149.0,108.0,72.5,41.0,27.5,42.0,28.2,0.0,0.0,0.0,0.0,0.0,0.0,0.0,0.0,0.0,0.0,0.0,0.0,0.0,0.0,2.0,2.0,100.0,0.0,0.0,0.0,0.0,45.0,26.0,57.8,19.0,42.2,20.0,44.4,235.0,182.0,77.4,53.0,22.6,57.0,24.3,0.0,0.0,0.0,0.0,0.0,0.0,0.0,10.0,8.0,80.0,2.0,20.0,2.0,20.0
20112012.0,260.0,VILAS RE-5,1DISTRICT TOTALS (INCLUDING ALTERNATIVE SCHOOLS),418.0,160.0,38.3,258.0,61.7,261.0,62.4,211.0,72.0,34.1,139.0,65.9,141.0,66.8,207.0,88.0,42.5,119.0,57.5,120.0,58.0,10.0,2.0,20.0,8.0,80.0,8.0,80.0,1.0,0.0,0.0,1.0,100.0,1.0,100.0,12.0,8.0,66.7,4.0,33.3,4.0,33.3,106.0,30.0,28.3,76.0,71.7,77.0,72.6,284.0,120.0,42.3,164.0,57.7,166.0,58.5,1.0,0.0,0.0,1.0,100.0,1.0,100.0,4.0,0.0,0.0,4.0,100.0,4.0,100.0
20112012.0,270.0,CAMPO RE-6,1DISTRICT TOTALS (INCLUDING ALTERNATIVE SCHOOLS),54.0,38.0,70.4,16.0,29.6,16.0,29.6,33.0,22.0,66.7,11.0,33.3,11.0,33.3,21.0,16.0,76.2,5.0,23.8,5.0,23.8,0.0,0.0,0.0,0.0,0.0,0.0,0.0,0.0,0.0,0.0,0.0,0.0,0.0,0.0,0.0,0.0,0.0,0.0,0.0,0.0,0.0,7.0,4.0,57.1,3.0,42.9,3.0,42.9,47.0,34.0,72.3,13.0,27.7,13.0,27.7,0.0,0.0,0.0,0.0,0.0,0.0,0.0,0.0,0.0,0.0,0.0,0.0,0.0,0.0
20112012.0,290.0,LAS ANIMAS RE-1,1DISTRICT TOTALS (INCLUDING ALTERNATIVE SCHOOLS),569.0,429.0,75.4,140.0,24.6,147.0,25.8,291.0,218.0,74.9,73.0,25.1,79.0,27.1,278.0,211.0,75.9,67.0,24.1,68.0,24.5,1.0,1.0,100.0,0.0,0.0,0.0,0.0,7.0,3.0,42.9,4.0,57.1,4.0,57.1,12.0,10.0,83.3,2.0,16.7,2.0,16.7,237.0,189.0,79.7,48.0,20.3,51.0,21.5,309.0,223.0,72.2,86.0,27.8,90.0,29.1,0.0,0.0,0.0,0.0,0.0,0.0,0.0,3.0,3.0,100.0,0.0,0.0,0.0,0.0
20112012.0,310.0,MC CLAVE RE-2,1DISTRICT TOTALS (INCLUDING ALTERNATIVE SCHOOLS),296.0,246.0,83.1,50.0,16.9,51.0,17.2,144.0,120.0,83.3,24.0,16.7,24.0,16.7,152.0,126.0,82.9,26.0,17.1,27.0,17.8,3.0,1.0,33.3,2.0,66.7,2.0,66.7,0.0,0.0,0.0,0.0,0.0,0.0,0.0,1.0,1.0,100.0,0.0,0.0,0.0,0.0,96.0,80.0,83.3,16.0,16.7,16.0,16.7,196.0,164.0,83.7,32.0,16.3,33.0,16.8,0.0,0.0,0.0,0.0,0.0,0.0,0.0,0.0,0.0,0.0,0.0,0.0,0.0,0.0
20112012.0,470.0,ST VRAIN VALLEY RE 1J,1DISTRICT TOTALS (INCLUDING ALTERNATIVE SCHOOLS),29351.0,24282.0,82.7,5015.0,17.1,5364.0,18.3,14416.0,11946.0,82.9,2438.0,16.9,2614.0,18.1,14935.0,12336.0,82.6,2577.0,17.3,2750.0,18.4,190.0,147.0,77.4,36.0,18.9,46.0,24.2,1008.0,846.0,83.9,162.0,16.1,167.0,16.6,329.0,248.0,75.4,81.0,24.6,89.0,27.1,8436.0,6945.0,82.3,1475.0,17.5,1612.0,19.1,19003.0,15789.0,83.1,3183.0,16.7,3369.0,17.7,66.0,47.0,71.2,19.0,28.8,20.0,30.3,319.0,260.0,81.5,59.0,18.5,61.0,19.1
20112012.0,480.0,BOULDER VALLEY RE 2,1DISTRICT TOTALS (INCLUDING ALTERNATIVE SCHOOLS),31329.0,26465.0,84.5,4832.0,15.4,5099.0,16.3,15385.0,13032.0,84.7,2338.0,15.2,2473.0,16.1,15944.0,13433.0,84.3,2494.0,15.6,2626.0,16.5,159.0,115.0,72.3,44.0,27.7,49.0,30.8,1870.0,1533.0,82.0,334.0,17.9,352.0,18.8,281.0,185.0,65.8,96.0,34.2,100.0,35.6,5382.0,4393.0,81.6,982.0,18.2,1050.0,19.5,22114.0,18964.0,85.8,3129.0,14.1,3287.0,14.9,29.0,19.0,65.5,9.0,31.0,10.0,34.5,1494.0,1256.0,84.1,238.0,15.9,251.0,16.8
20112012.0,490.0,BUENA VISTA R-31,1DISTRICT TOTALS (INCLUDING ALTERNATIVE SCHOOLS),1077.0,803.0,74.6,273.0,25.3,295.0,27.4,536.0,398.0,74.3,137.0,25.6,146.0,27.2,541.0,405.0,74.9,136.0,25.1,149.0,27.5,12.0,7.0,58.3,5.0,41.7,7.0,58.3,7.0,6.0,85.7,1.0,14.3,1.0,14.3,9.0,7.0,77.8,2.0,22.2,2.0,22.2,102.0,73.0,71.6,29.0,28.4,30.0,29.4,922.0,693.0,75.2,228.0,24.7,246.0,26.7,1.0,0.0,0.0,1.0,100.0,2.0,200.0,24.0,17.0,70.8,7.0,29.2,7.0,29.2
20112012.0,500.0,SALIDA R-32,1DISTRICT TOTALS (INCLUDING ALTERNATIVE SCHOOLS),1201.0,904.0,75.3,295.0,24.6,314.0,26.1,576.0,448.0,77.8,127.0,22.0,134.0,23.3,625.0,456.0,73.0,168.0,26.9,180.0,28.8,11.0,5.0,45.5,6.0,54.5,7.0,63.6,12.0,10.0,83.3,2.0,16.7,2.0,16.7,0.0,0.0,0.0,0.0,0.0,0.0,0.0,174.0,126.0,72.4,48.0,27.6,54.0,31.0,973.0,737.0,75.7,234.0,24.0,246.0,25.3,2.0,1.0,50.0,1.0,50.0,1.0,50.0,29.0,25.0,86.2,4.0,13.8,4.0,13.8
20112012.0,510.0,KIT CARSON R-1,1DISTRICT TOTALS (INCLUDING ALTERNATIVE SCHOOLS),131.0,102.0,77.9,29.0,22.1,29.0,22.1,71.0,59.0,83.1,12.0,16.9,12.0,16.9,60.0,43.0,71.7,17.0,28.3,17.0,28.3,0.0,0.0,0.0,0.0,0.0,0.0,0.0,1.0,1.0,100.0,0.0,0.0,0.0,0.0,0.0,0.0,0.0,0.0,0.0,0.0,0.0,19.0,14.0,73.7,5.0,26.3,5.0,26.3,111.0,87.0,78.4,24.0,21.6,24.0,21.6,0.0,0.0,0.0,0.0,0.0,0.0,0.0,0.0,0.0,0.0,0.0,0.0,0.0,0.0
20112012.0,520.0,CHEYENNE COUNTY RE-5,1DISTRICT TOTALS (INCLUDING ALTERNATIVE SCHOOLS),208.0,145.0,69.7,63.0,30.3,65.0,31.3,89.0,60.0,67.4,29.0,32.6,29.0,32.6,119.0,85.0,71.4,34.0,28.6,36.0,30.3,0.0,0.0,0.0,0.0,0.0,0.0,0.0,0.0,0.0,0.0,0.0,0.0,0.0,0.0,2.0,0.0,0.0,2.0,100.0,2.0,100.0,47.0,22.0,46.8,25.0,53.2,25.0,53.2,158.0,123.0,77.8,35.0,22.2,36.0,22.8,0.0,0.0,0.0,0.0,0.0,0.0,0.0,1.0,0.0,0.0,1.0,100.0,2.0,200.0
20112012.0,540.0,CLEAR CREEK RE-1,1DISTRICT TOTALS (INCLUDING ALTERNATIVE SCHOOLS),1080.0,761.0,70.5,319.0,29.5,338.0,31.3,548.0,370.0,67.5,178.0,32.5,190.0,34.7,532.0,391.0,73.5,141.0,26.5,148.0,27.8,17.0,15.0,88.2,2.0,11.8,2.0,11.8,13.0,7.0,53.8,6.0,46.2,8.0,61.5,14.0,6.0,42.9,8.0,57.1,8.0,57.1,120.0,70.0,58.3,50.0,41.7,55.0,45.8,884.0,639.0,72.3,245.0,27.7,254.0,28.7,2.0,2.0,100.0,0.0,0.0,0.0,0.0,30.0,22.0,73.3,8.0,26.7,11.0,36.7
20112012.0,550.0,NORTH CONEJOS RE-1J,1DISTRICT TOTALS (INCLUDING ALTERNATIVE SCHOOLS),1110.0,838.0,75.5,266.0,24.0,284.0,25.6,557.0,416.0,74.7,139.0,25.0,149.0,26.8,553.0,422.0,76.3,127.0,23.0,135.0,24.4,6.0,5.0,83.3,1.0,16.7,2.0,33.3,7.0,0.0,0.0,7.0,100.0,7.0,100.0,6.0,5.0,83.3,1.0,16.7,1.0,16.7,658.0,498.0,75.7,154.0,23.4,169.0,25.7,416.0,316.0,76.0,100.0,24.0,102.0,24.5,3.0,2.0,66.7,1.0,33.3,1.0,33.3,14.0,12.0,85.7,2.0,14.3,2.0,14.3
20112012.0,560.0,SANFORD 6J,1DISTRICT TOTALS (INCLUDING ALTERNATIVE SCHOOLS),369.0,287.0,77.8,82.0,22.2,82.0,22.2,203.0,153.0,75.4,50.0,24.6,50.0,24.6,166.0,134.0,80.7,32.0,19.3,32.0,19.3,2.0,0.0,0.0,2.0,100.0,2.0,100.0,3.0,0.0,0.0,3.0,100.0,3.0,100.0,0.0,0.0,0.0,0.0,0.0,0.0,0.0,107.0,77.0,72.0,30.0,28.0,30.0,28.0,252.0,205.0,81.3,47.0,18.7,47.0,18.7,0.0,0.0,0.0,0.0,0.0,0.0,0.0,5.0,5.0,100.0,0.0,0.0,0.0,0.0
20112012.0,580.0,SOUTH CONEJOS RE-10,1DISTRICT TOTALS (INCLUDING ALTERNATIVE SCHOOLS),276.0,193.0,69.9,83.0,30.1,84.0,30.4,146.0,106.0,72.6,40.0,27.4,41.0,28.1,130.0,87.0,66.9,43.0,33.1,43.0,33.1,2.0,2.0,100.0,0.0,0.0,0.0,0.0,1.0,0.0,0.0,1.0,100.0,1.0,100.0,1.0,0.0,0.0,1.0,100.0,1.0,100.0,241.0,177.0,73.4,64.0,26.6,65.0,27.0,28.0,14.0,50.0,14.0,50.0,14.0,50.0,0.0,0.0,0.0,0.0,0.0,0.0,0.0,3.0,0.0,0.0,3.0,100.0,3.0,100.0
20112012.0,640.0,CENTENNIAL R-1,1DISTRICT TOTALS (INCLUDING ALTERNATIVE SCHOOLS),269.0,179.0,66.5,90.0,33.5,102.0,37.9,131.0,88.0,67.2,43.0,32.8,49.0,37.4,138.0,91.0,65.9,47.0,34.1,53.0,38.4,2.0,1.0,50.0,1.0,50.0,1.0,50.0,0.0,0.0,0.0,0.0,0.0,0.0,0.0,0.0,0.0,0.0,0.0,0.0,0.0,0.0,237.0,172.0,72.6,65.0,27.4,72.0,30.4,29.0,6.0,20.7,23.0,79.3,28.0,96.6,0.0,0.0,0.0,0.0,0.0,0.0,0.0,1.0,0.0,0.0,1.0,100.0,1.0,100.0
20112012.0,740.0,SIERRA GRANDE R-30,1DISTRICT TOTALS (INCLUDING ALTERNATIVE SCHOOLS),317.0,204.0,64.4,113.0,35.6,120.0,37.9,143.0,95.0,66.4,48.0,33.6,54.0,37.8,174.0,109.0,62.6,65.0,37.4,66.0,37.9,3.0,0.0,0.0,3.0,100.0,4.0,133.3,4.0,4.0,100.0,0.0,0.0,0.0,0.0,2.0,1.0,50.0,1.0,50.0,1.0,50.0,229.0,161.0,70.3,68.0,29.7,70.0,30.6,67.0,31.0,46.3,36.0,53.7,37.0,55.2,3.0,0.0,0.0,3.0,100.0,6.0,200.0,9.0,7.0,77.8,2.0,22.2,2.0,22.2
20112012.0,770.0,CROWLEY COUNTY RE-1-J,1DISTRICT TOTALS (INCLUDING ALTERNATIVE SCHOOLS),578.0,382.0,66.1,196.0,33.9,203.0,35.1,271.0,175.0,64.6,96.0,35.4,101.0,37.3,307.0,207.0,67.4,100.0,32.6,102.0,33.2,25.0,20.0,80.0,5.0,20.0,5.0,20.0,0.0,0.0,0.0,0.0,0.0,0.0,0.0,4.0,2.0,50.0,2.0,50.0,2.0,50.0,139.0,86.0,61.9,53.0,38.1,57.0,41.0,385.0,257.0,66.8,128.0,33.2,131.0,34.0,0.0,0.0,0.0,0.0,0.0,0.0,0.0,25.0,17.0,68.0,8.0,32.0,8.0,32.0
20112012.0,860.0,CUSTER COUNTY SCHOOL DISTRICT C-1,1DISTRICT TOTALS (INCLUDING ALTERNATIVE SCHOOLS),480.0,361.0,75.2,119.0,24.8,121.0,25.2,238.0,182.0,76.5,56.0,23.5,57.0,23.9,242.0,179.0,74.0,63.0,26.0,64.0,26.4,4.0,3.0,75.0,1.0,25.0,1.0,25.0,7.0,7.0,100.0,0.0,0.0,0.0,0.0,5.0,4.0,80.0,1.0,20.0,1.0,20.0,20.0,6.0,30.0,14.0,70.0,14.0,70.0,436.0,336.0,77.1,100.0,22.9,102.0,23.4,0.0,0.0,0.0,0.0,0.0,0.0,0.0,8.0,5.0,62.5,3.0,37.5,3.0,37.5
20112012.0,870.0,DELTA COUNTY 50(J),1DISTRICT TOTALS (INCLUDING ALTERNATIVE SCHOOLS),5630.0,4387.0,77.9,1222.0,21.7,1344.0,23.9,2735.0,2142.0,78.3,585.0,21.4,638.0,23.3,2895.0,2245.0,77.5,637.0,22.0,706.0,24.4,49.0,31.0,63.3,18.0,36.7,24.0,49.0,75.0,36.0,48.0,39.0,52.0,39.0,52.0,29.0,16.0,55.2,13.0,44.8,13.0,44.8,1154.0,936.0,81.1,214.0,18.5,242.0,21.0,4204.0,3285.0,78.1,905.0,21.5,985.0,23.4,6.0,4.0,66.7,2.0,33.3,2.0,33.3,113.0,79.0,69.9,31.0,27.4,39.0,34.5
20112012.0,880.0,DENVER COUNTY 1,1DISTRICT TOTALS (INCLUDING ALTERNATIVE SCHOOLS),88761.0,64903.0,73.1,23124.0,26.1,27685.0,31.2,43680.0,32063.0,73.4,11248.0,25.8,13251.0,30.3,45081.0,32840.0,72.8,11876.0,26.3,14434.0,32.0,741.0,450.0,60.7,279.0,37.7,332.0,44.8,2991.0,2203.0,73.7,782.0,26.1,870.0,29.1,13047.0,8868.0,68.0,4015.0,30.8,5004.0,38.4,51304.0,38413.0,74.9,12468.0,24.3,15171.0,29.6,17845.0,12952.0,72.6,4799.0,26.9,5383.0,30.2,198.0,120.0,60.6,76.0,38.4,94.0,47.5,2635.0,1897.0,72.0,705.0,26.8,831.0,31.5
20112012.0,890.0,DOLORES COUNTY RE NO.2,1DISTRICT TOTALS (INCLUDING ALTERNATIVE SCHOOLS),318.0,229.0,72.0,89.0,28.0,91.0,28.6,156.0,116.0,74.4,40.0,25.6,41.0,26.3,162.0,113.0,69.8,49.0,30.2,50.0,30.9,18.0,14.0,77.8,4.0,22.2,4.0,22.2,0.0,0.0,0.0,0.0,0.0,0.0,0.0,1.0,1.0,100.0,0.0,0.0,0.0,0.0,21.0,9.0,42.9,12.0,57.1,13.0,61.9,266.0,202.0,75.9,64.0,24.1,65.0,24.4,1.0,1.0,100.0,0.0,0.0,0.0,0.0,11.0,2.0,18.2,9.0,81.8,9.0,81.8
20112012.0,900.0,DOUGLAS COUNTY RE 1,1DISTRICT TOTALS (INCLUDING ALTERNATIVE SCHOOLS),66965.0,55140.0,82.3,11722.0,17.5,12396.0,18.5,32803.0,27070.0,82.5,5682.0,17.3,5992.0,18.3,34162.0,28070.0,82.2,6040.0,17.7,6404.0,18.7,320.0,243.0,75.9,74.0,23.1,86.0,26.9,2606.0,2157.0,82.8,445.0,17.1,486.0,18.6,1546.0,917.0,59.3,627.0,40.6,670.0,43.3,9325.0,6706.0,71.9,2605.0,27.9,2780.0,29.8,50557.0,43000.0,85.1,7481.0,14.8,7856.0,15.5,100.0,79.0,79.0,21.0,21.0,23.0,23.0,2511.0,2038.0,81.2,469.0,18.7,495.0,19.7
20112012.0,910.0,EAGLE COUNTY RE 50,1DISTRICT TOTALS (INCLUDING ALTERNATIVE SCHOOLS),6749.0,5472.0,81.1,1261.0,18.7,1365.0,20.2,3205.0,2631.0,82.1,568.0,17.7,621.0,19.4,3544.0,2841.0,80.2,693.0,19.6,744.0,21.0,52.0,39.0,75.0,13.0,25.0,15.0,28.8,67.0,57.0,85.1,10.0,14.9,12.0,17.9,25.0,19.0,76.0,6.0,24.0,6.0,24.0,3327.0,2711.0,81.5,605.0,18.2,665.0,20.0,3198.0,2584.0,80.8,610.0,19.1,647.0,20.2,5.0,4.0,80.0,1.0,20.0,1.0,20.0,75.0,58.0,77.3,16.0,21.3,19.0,25.3
20112012.0,920.0,ELIZABETH C-1,1DISTRICT TOTALS (INCLUDING ALTERNATIVE SCHOOLS),2804.0,2090.0,74.5,711.0,25.4,736.0,26.2,1362.0,1031.0,75.7,329.0,24.2,343.0,25.2,1442.0,1059.0,73.4,382.0,26.5,393.0,27.3,14.0,14.0,100.0,0.0,0.0,0.0,0.0,22.0,9.0,40.9,13.0,59.1,13.0,59.1,20.0,8.0,40.0,12.0,60.0,12.0,60.0,273.0,195.0,71.4,78.0,28.6,82.0,30.0,2396.0,1819.0,75.9,574.0,24.0,594.0,24.8,7.0,6.0,85.7,1.0,14.3,1.0,14.3,72.0,39.0,54.2,33.0,45.8,34.0,47.2
20112012.0,930.0,KIOWA C-2,1DISTRICT TOTALS (INCLUDING ALTERNATIVE SCHOOLS),437.0,323.0,73.9,114.0,26.1,115.0,26.3,218.0,157.0,72.0,61.0,28.0,62.0,28.4,219.0,166.0,75.8,53.0,24.2,53.0,24.2,1.0,1.0,100.0,0.0,0.0,0.0,0.0,3.0,3.0,100.0,0.0,0.0,0.0,0.0,5.0,4.0,80.0,1.0,20.0,1.0,20.0,38.0,25.0,65.8,13.0,34.2,13.0,34.2,376.0,283.0,75.3,93.0,24.7,94.0,25.0,2.0,2.0,100.0,0.0,0.0,0.0,0.0,12.0,5.0,41.7,7.0,58.3,7.0,58.3
20112012.0,940.0,BIG SANDY 100J,1DISTRICT TOTALS (INCLUDING ALTERNATIVE SCHOOLS),350.0,241.0,68.9,109.0,31.1,111.0,31.7,168.0,118.0,70.2,50.0,29.8,51.0,30.4,182.0,123.0,67.6,59.0,32.4,60.0,33.0,6.0,5.0,83.3,1.0,16.7,1.0,16.7,4.0,0.0,0.0,4.0,100.0,4.0,100.0,0.0,0.0,0.0,0.0,0.0,0.0,0.0,52.0,24.0,46.2,28.0,53.8,29.0,55.8,274.0,201.0,73.4,73.0,26.6,73.0,26.6,2.0,2.0,100.0,0.0,0.0,0.0,0.0,12.0,9.0,75.0,3.0,25.0,4.0,33.3
20112012.0,950.0,ELBERT 200,1DISTRICT TOTALS (INCLUDING ALTERNATIVE SCHOOLS),232.0,166.0,71.6,66.0,28.4,68.0,29.3,109.0,81.0,74.3,28.0,25.7,28.0,25.7,123.0,85.0,69.1,38.0,30.9,40.0,32.5,1.0,1.0,100.0,0.0,0.0,0.0,0.0,4.0,4.0,100.0,0.0,0.0,0.0,0.0,1.0,0.0,0.0,1.0,100.0,1.0,100.0,12.0,7.0,58.3,5.0,41.7,5.0,41.7,201.0,151.0,75.1,50.0,24.9,52.0,25.9,0.0,0.0,0.0,0.0,0.0,0.0,0.0,13.0,3.0,23.1,10.0,76.9,10.0,76.9
20112012.0,960.0,AGATE 300,1DISTRICT TOTALS (INCLUDING ALTERNATIVE SCHOOLS),16.0,5.0,31.3,13.0,81.3,13.0,81.3,11.0,2.0,18.2,9.0,81.8,9.0,81.8,5.0,3.0,60.0,4.0,80.0,4.0,80.0,0.0,0.0,0.0,0.0,0.0,0.0,0.0,0.0,0.0,0.0,0.0,0.0,0.0,0.0,0.0,0.0,0.0,0.0,0.0,0.0,0.0,3.0,0.0,0.0,3.0,100.0,3.0,100.0,13.0,5.0,38.5,10.0,76.9,10.0,76.9,0.0,0.0,0.0,0.0,0.0,0.0,0.0,0.0,0.0,0.0,0.0,0.0,0.0,0.0
20112012.0,970.0,CALHAN RJ-1,1DISTRICT TOTALS (INCLUDING ALTERNATIVE SCHOOLS),645.0,404.0,62.6,291.0,45.1,304.0,47.1,333.0,210.0,63.1,145.0,43.5,154.0,46.2,312.0,194.0,62.2,146.0,46.8,150.0,48.1,6.0,2.0,33.3,4.0,66.7,4.0,66.7,12.0,7.0,58.3,5.0,41.7,5.0,41.7,7.0,4.0,57.1,3.0,42.9,3.0,42.9,63.0,30.0,47.6,42.0,66.7,45.0,71.4,550.0,356.0,64.7,235.0,42.7,245.0,44.5,0.0,0.0,0.0,0.0,0.0,0.0,0.0,7.0,5.0,71.4,2.0,28.6,2.0,28.6
20112012.0,980.0,HARRISON 2,1DISTRICT TOTALS (INCLUDING ALTERNATIVE SCHOOLS),13926.0,7941.0,57.0,5872.0,42.2,6343.0,45.5,6857.0,3988.0,58.2,2818.0,41.1,3027.0,44.1,7069.0,3953.0,55.9,3054.0,43.2,3316.0,46.9,228.0,122.0,53.5,105.0,46.1,116.0,50.9,752.0,370.0,49.2,379.0,50.4,406.0,54.0,2336.0,1482.0,63.4,837.0,35.8,913.0,39.1,5514.0,3374.0,61.2,2085.0,37.8,2286.0,41.5,4815.0,2424.0,50.3,2357.0,49.0,2506.0,52.0,95.0,58.0,61.1,36.0,37.9,37.0,38.9,186.0,111.0,59.7,73.0,39.2,79.0,42.5
20112012.0,990.0,WIDEFIELD 3,1DISTRICT TOTALS (INCLUDING ALTERNATIVE SCHOOLS),10617.0,7215.0,68.0,3380.0,31.8,3687.0,34.7,5176.0,3514.0,67.9,1651.0,31.9,1792.0,34.6,5441.0,3701.0,68.0,1729.0,31.8,1895.0,34.8,115.0,72.0,62.6,43.0,37.4,46.0,40.0,150.0,109.0,72.7,41.0,27.3,43.0,28.7,1201.0,768.0,63.9,431.0,35.9,473.0,39.4,2665.0,1825.0,68.5,835.0,31.3,925.0,34.7,5552.0,3802.0,68.5,1735.0,31.3,1878.0,33.8,157.0,97.0,61.8,60.0,38.2,65.0,41.4,777.0,542.0,69.8,235.0,30.2,257.0,33.1
20112012.0,1000.0,FOUNTAIN 8,1DISTRICT TOTALS (INCLUDING ALTERNATIVE SCHOOLS),9827.0,5302.0,54.0,4489.0,45.7,4738.0,48.2,4718.0,2475.0,52.5,2225.0,47.2,2351.0,49.8,5109.0,2827.0,55.3,2264.0,44.3,2387.0,46.7,98.0,48.0,49.0,50.0,51.0,54.0,55.1,178.0,85.0,47.8,89.0,50.0,97.0,54.5,1363.0,719.0,52.8,635.0,46.6,659.0,48.3,2162.0,1213.0,56.1,941.0,43.5,988.0,45.7,5273.0,2803.0,53.2,2456.0,46.6,2609.0,49.5,78.0,36.0,46.2,42.0,53.8,42.0,53.8,675.0,398.0,59.0,276.0,40.9,289.0,42.8
20112012.0,1010.0,COLORADO SPRINGS 11,1DISTRICT TOTALS (INCLUDING ALTERNATIVE SCHOOLS),34548.0,23868.0,69.1,10560.0,30.6,12693.0,36.7,16867.0,11741.0,69.6,5070.0,30.1,6105.0,36.2,17681.0,12127.0,68.6,5490.0,31.1,6588.0,37.3,346.0,213.0,61.6,133.0,38.4,170.0,49.1,641.0,453.0,70.7,186.0,29.0,215.0,33.5,2709.0,1555.0,57.4,1140.0,42.1,1384.0,51.1,10087.0,6925.0,68.7,3116.0,30.9,3828.0,37.9,18129.0,12880.0,71.0,5203.0,28.7,6179.0,34.1,108.0,67.0,62.0,41.0,38.0,47.0,43.5,2528.0,1775.0,70.2,741.0,29.3,870.0,34.4
20112012.0,1020.0,CHEYENNE MOUNTAIN 12,1DISTRICT TOTALS (INCLUDING ALTERNATIVE SCHOOLS),5059.0,3785.0,74.8,1274.0,25.2,1300.0,25.7,2511.0,1872.0,74.6,639.0,25.4,652.0,26.0,2548.0,1913.0,75.1,635.0,24.9,648.0,25.4,37.0,22.0,59.5,15.0,40.5,15.0,40.5,170.0,134.0,78.8,36.0,21.2,36.0,21.2,146.0,88.0,60.3,58.0,39.7,58.0,39.7,704.0,472.0,67.0,232.0,33.0,233.0,33.1,3798.0,2923.0,77.0,875.0,23.0,899.0,23.7,13.0,10.0,76.9,3.0,23.1,3.0,23.1,191.0,136.0,71.2,55.0,28.8,56.0,29.3
20112012.0,1030.0,MANITOU SPRINGS 14,1DISTRICT TOTALS (INCLUDING ALTERNATIVE SCHOOLS),1682.0,1146.0,68.1,537.0,31.9,537.0,31.9,818.0,559.0,68.3,260.0,31.8,260.0,31.8,864.0,587.0,67.9,277.0,32.1,277.0,32.1,15.0,7.0,46.7,8.0,53.3,8.0,53.3,16.0,11.0,68.8,5.0,31.3,5.0,31.3,6.0,5.0,83.3,1.0,16.7,1.0,16.7,158.0,117.0,74.1,41.0,25.9,41.0,25.9,1406.0,958.0,68.1,449.0,31.9,449.0,31.9,1.0,0.0,0.0,1.0,100.0,1.0,100.0,80.0,48.0,60.0,32.0,40.0,32.0,40.0
20112012.0,1040.0,ACADEMY 20,1DISTRICT TOTALS (INCLUDING ALTERNATIVE SCHOOLS),25881.0,20007.0,77.3,5853.0,22.6,6077.0,23.5,12613.0,9738.0,77.2,2865.0,22.7,2968.0,23.5,13268.0,10269.0,77.4,2988.0,22.5,3109.0,23.4,111.0,85.0,76.6,26.0,23.4,29.0,26.1,954.0,742.0,77.8,212.0,22.2,222.0,23.3,843.0,559.0,66.3,283.0,33.6,296.0,35.1,3151.0,2266.0,71.9,883.0,28.0,914.0,29.0,19372.0,15316.0,79.1,4038.0,20.8,4189.0,21.6,110.0,79.0,71.8,31.0,28.2,31.0,28.2,1340.0,960.0,71.6,380.0,28.4,396.0,29.6
20112012.0,1050.0,ELLICOTT 22,1DISTRICT TOTALS (INCLUDING ALTERNATIVE SCHOOLS),1233.0,736.0,59.7,496.0,40.2,506.0,41.0,582.0,344.0,59.1,237.0,40.7,241.0,41.4,651.0,392.0,60.2,259.0,39.8,265.0,40.7,3.0,2.0,66.7,1.0,33.3,1.0,33.3,5.0,0.0,0.0,5.0,100.0,5.0,100.0,31.0,8.0,25.8,23.0,74.2,24.0,77.4,256.0,182.0,71.1,74.0,28.9,75.0,29.3,891.0,515.0,57.8,375.0,42.1,382.0,42.9,0.0,0.0,0.0,0.0,0.0,0.0,0.0,47.0,29.0,61.7,18.0,38.3,19.0,40.4
20112012.0,1060.0,PEYTON 23 JT,1DISTRICT TOTALS (INCLUDING ALTERNATIVE SCHOOLS),734.0,562.0,76.6,172.0,23.4,182.0,24.8,349.0,266.0,76.2,83.0,23.8,86.0,24.6,385.0,296.0,76.9,89.0,23.1,96.0,24.9,16.0,14.0,87.5,2.0,12.5,2.0,12.5,5.0,3.0,60.0,2.0,40.0,2.0,40.0,6.0,2.0,33.3,4.0,66.7,4.0,66.7,67.0,42.0,62.7,25.0,37.3,28.0,41.8,621.0,495.0,79.7,126.0,20.3,132.0,21.3,0.0,0.0,0.0,0.0,0.0,0.0,0.0,19.0,6.0,31.6,13.0,68.4,14.0,73.7
20112012.0,1070.0,HANOVER 28,1DISTRICT TOTALS (INCLUDING ALTERNATIVE SCHOOLS),292.0,143.0,49.0,149.0,51.0,154.0,52.7,152.0,74.0,48.7,78.0,51.3,82.0,53.9,140.0,69.0,49.3,71.0,50.7,72.0,51.4,5.0,4.0,80.0,1.0,20.0,1.0,20.0,3.0,0.0,0.0,3.0,100.0,3.0,100.0,9.0,0.0,0.0,9.0,100.0,9.0,100.0,114.0,65.0,57.0,49.0,43.0,53.0,46.5,160.0,74.0,46.3,86.0,53.8,87.0,54.4,0.0,0.0,0.0,0.0,0.0,0.0,0.0,1.0,0.0,0.0,1.0,100.0,1.0,100.0
20112012.0,1080.0,LEWIS-PALMER 38,1DISTRICT TOTALS (INCLUDING ALTERNATIVE SCHOOLS),6422.0,5105.0,79.5,1312.0,20.4,1365.0,21.3,3062.0,2407.0,78.6,652.0,21.3,682.0,22.3,3360.0,2698.0,80.3,660.0,19.6,683.0,20.3,43.0,40.0,93.0,3.0,7.0,3.0,7.0,182.0,145.0,79.7,37.0,20.3,38.0,20.9,67.0,44.0,65.7,23.0,34.3,23.0,34.3,621.0,476.0,76.7,145.0,23.3,151.0,24.3,5241.0,4176.0,79.7,1060.0,20.2,1104.0,21.1,10.0,7.0,70.0,3.0,30.0,3.0,30.0,258.0,217.0,84.1,41.0,15.9,43.0,16.7
20112012.0,1110.0,FALCON 49,1DISTRICT TOTALS (INCLUDING ALTERNATIVE SCHOOLS),17388.0,12379.0,71.2,5031.0,28.9,5301.0,30.5,8375.0,5938.0,70.9,2461.0,29.4,2577.0,30.8,9013.0,6441.0,71.5,2570.0,28.5,2724.0,30.2,113.0,87.0,77.0,26.0,23.0,29.0,25.7,552.0,448.0,81.2,105.0,19.0,108.0,19.6,1272.0,834.0,65.6,441.0,34.7,469.0,36.9,3122.0,2143.0,68.6,986.0,31.6,1037.0,33.2,11226.0,8160.0,72.7,3081.0,27.4,3233.0,28.8,74.0,46.0,62.2,25.0,33.8,33.0,44.6,1029.0,661.0,64.2,367.0,35.7,392.0,38.1
20112012.0,1120.0,EDISON 54 JT,1DISTRICT TOTALS (INCLUDING ALTERNATIVE SCHOOLS),214.0,141.0,65.9,73.0,34.1,74.0,34.6,109.0,74.0,67.9,35.0,32.1,35.0,32.1,105.0,67.0,63.8,38.0,36.2,39.0,37.1,0.0,0.0,0.0,0.0,0.0,0.0,0.0,0.0,0.0,0.0,0.0,0.0,0.0,0.0,0.0,0.0,0.0,0.0,0.0,0.0,0.0,14.0,9.0,64.3,5.0,35.7,5.0,35.7,200.0,132.0,66.0,68.0,34.0,69.0,34.5,0.0,0.0,0.0,0.0,0.0,0.0,0.0,0.0,0.0,0.0,0.0,0.0,0.0,0.0
20112012.0,1130.0,MIAMI/YODER 60 JT,1DISTRICT TOTALS (INCLUDING ALTERNATIVE SCHOOLS),357.0,193.0,54.1,164.0,45.9,169.0,47.3,175.0,95.0,54.3,80.0,45.7,81.0,46.3,182.0,98.0,53.8,84.0,46.2,88.0,48.4,6.0,2.0,33.3,4.0,66.7,4.0,66.7,0.0,0.0,0.0,0.0,0.0,0.0,0.0,3.0,0.0,0.0,3.0,100.0,3.0,100.0,51.0,28.0,54.9,23.0,45.1,23.0,45.1,279.0,151.0,54.1,128.0,45.9,133.0,47.7,0.0,0.0,0.0,0.0,0.0,0.0,0.0,18.0,12.0,66.7,6.0,33.3,6.0,33.3
20112012.0,1140.0,CANON CITY RE-1,1DISTRICT TOTALS (INCLUDING ALTERNATIVE SCHOOLS),4271.0,3211.0,75.2,1037.0,24.3,1129.0,26.4,2114.0,1609.0,76.1,493.0,23.3,536.0,25.4,2157.0,1602.0,74.3,544.0,25.2,593.0,27.5,37.0,23.0,62.2,14.0,37.8,14.0,37.8,26.0,21.0,80.8,5.0,19.2,5.0,19.2,29.0,22.0,75.9,7.0,24.1,7.0,24.1,532.0,370.0,69.5,159.0,29.9,171.0,32.1,3536.0,2694.0,76.2,822.0,23.2,898.0,25.4,11.0,8.0,72.7,3.0,27.3,4.0,36.4,100.0,73.0,73.0,27.0,27.0,30.0,30.0
20112012.0,1150.0,FREMONT RE-2,1DISTRICT TOTALS (INCLUDING ALTERNATIVE SCHOOLS),1866.0,1314.0,70.4,551.0,29.5,595.0,31.9,915.0,647.0,70.7,268.0,29.3,287.0,31.4,951.0,667.0,70.1,283.0,29.8,308.0,32.4,14.0,6.0,42.9,8.0,57.1,8.0,57.1,8.0,7.0,87.5,1.0,12.5,1.0,12.5,8.0,8.0,100.0,0.0,0.0,0.0,0.0,257.0,190.0,73.9,67.0,26.1,70.0,27.2,1505.0,1057.0,70.2,447.0,29.7,488.0,32.4,3.0,1.0,33.3,2.0,66.7,2.0,66.7,71.0,45.0,63.4,26.0,36.6,26.0,36.6
20112012.0,1160.0,COTOPAXI RE-3,1DISTRICT TOTALS (INCLUDING ALTERNATIVE SCHOOLS),235.0,167.0,71.1,68.0,28.9,69.0,29.4,109.0,82.0,75.2,27.0,24.8,27.0,24.8,126.0,85.0,67.5,41.0,32.5,42.0,33.3,2.0,1.0,50.0,1.0,50.0,1.0,50.0,1.0,1.0,100.0,0.0,0.0,0.0,0.0,0.0,0.0,0.0,0.0,0.0,0.0,0.0,19.0,12.0,63.2,7.0,36.8,7.0,36.8,206.0,149.0,72.3,57.0,27.7,58.0,28.2,0.0,0.0,0.0,0.0,0.0,0.0,0.0,7.0,4.0,57.1,3.0,42.9,3.0,42.9
20112012.0,1180.0,ROARING FORK RE-1,1DISTRICT TOTALS (INCLUDING ALTERNATIVE SCHOOLS),5742.0,4569.0,79.6,1160.0,20.2,1281.0,22.3,2765.0,2205.0,79.7,554.0,20.0,606.0,21.9,2977.0,2364.0,79.4,606.0,20.4,675.0,22.7,22.0,19.0,86.4,3.0,13.6,3.0,13.6,51.0,44.0,86.3,7.0,13.7,7.0,13.7,12.0,4.0,33.3,8.0,66.7,8.0,66.7,2922.0,2362.0,80.8,551.0,18.9,632.0,21.6,2617.0,2054.0,78.5,559.0,21.4,596.0,22.8,3.0,1.0,33.3,2.0,66.7,2.0,66.7,115.0,85.0,73.9,30.0,26.1,33.0,28.7
20112012.0,1195.0,GARFIELD RE-2,1DISTRICT TOTALS (INCLUDING ALTERNATIVE SCHOOLS),5185.0,3942.0,76.0,1235.0,23.8,1322.0,25.5,2494.0,1919.0,76.9,571.0,22.9,613.0,24.6,2691.0,2023.0,75.2,664.0,24.7,709.0,26.3,36.0,22.0,61.1,14.0,38.9,14.0,38.9,25.0,13.0,52.0,12.0,48.0,12.0,48.0,22.0,10.0,45.5,12.0,54.5,12.0,54.5,2187.0,1721.0,78.7,463.0,21.2,504.0,23.0,2833.0,2114.0,74.6,715.0,25.2,760.0,26.8,4.0,4.0,100.0,0.0,0.0,0.0,0.0,78.0,58.0,74.4,19.0,24.4,20.0,25.6
20112012.0,1220.0,GARFIELD 16,1DISTRICT TOTALS (INCLUDING ALTERNATIVE SCHOOLS),1275.0,854.0,67.0,423.0,33.2,454.0,35.6,597.0,406.0,68.0,192.0,32.2,210.0,35.2,678.0,448.0,66.1,231.0,34.1,244.0,36.0,25.0,15.0,60.0,10.0,40.0,11.0,44.0,2.0,1.0,50.0,1.0,50.0,1.0,50.0,4.0,0.0,0.0,4.0,100.0,4.0,100.0,416.0,294.0,70.7,123.0,29.6,132.0,31.7,777.0,499.0,64.2,279.0,35.9,299.0,38.5,3.0,3.0,100.0,0.0,0.0,0.0,0.0,48.0,42.0,87.5,6.0,12.5,7.0,14.6
20112012.0,1330.0,GILPIN COUNTY RE-1,1DISTRICT TOTALS (INCLUDING ALTERNATIVE SCHOOLS),416.0,288.0,69.2,128.0,30.8,135.0,32.5,200.0,144.0,72.0,56.0,28.0,60.0,30.0,216.0,144.0,66.7,72.0,33.3,75.0,34.7,1.0,0.0,0.0,1.0,100.0,1.0,100.0,7.0,6.0,85.7,1.0,14.3,1.0,14.3,5.0,1.0,20.0,4.0,80.0,6.0,120.0,48.0,30.0,62.5,18.0,37.5,19.0,39.6,337.0,242.0,71.8,95.0,28.2,98.0,29.1,2.0,0.0,0.0,2.0,100.0,2.0,100.0,16.0,9.0,56.3,7.0,43.8,8.0,50.0
20112012.0,1340.0,WEST GRAND 1-JT.,1DISTRICT TOTALS (INCLUDING ALTERNATIVE SCHOOLS),476.0,380.0,79.8,96.0,20.2,101.0,21.2,229.0,173.0,75.5,56.0,24.5,61.0,26.6,247.0,207.0,83.8,40.0,16.2,40.0,16.2,1.0,1.0,100.0,0.0,0.0,0.0,0.0,0.0,0.0,0.0,0.0,0.0,0.0,0.0,0.0,0.0,0.0,0.0,0.0,0.0,0.0,95.0,79.0,83.2,16.0,16.8,16.0,16.8,368.0,290.0,78.8,78.0,21.2,83.0,22.6,2.0,2.0,100.0,0.0,0.0,0.0,0.0,10.0,8.0,80.0,2.0,20.0,2.0,20.0
20112012.0,1350.0,EAST GRAND 2,1DISTRICT TOTALS (INCLUDING ALTERNATIVE SCHOOLS),1398.0,1080.0,77.3,315.0,22.5,335.0,24.0,678.0,531.0,78.3,145.0,21.4,154.0,22.7,720.0,549.0,76.3,170.0,23.6,181.0,25.1,9.0,4.0,44.4,5.0,55.6,5.0,55.6,7.0,5.0,71.4,2.0,28.6,2.0,28.6,11.0,5.0,45.5,5.0,45.5,7.0,63.6,149.0,105.0,70.5,43.0,28.9,49.0,32.9,1204.0,948.0,78.7,255.0,21.2,267.0,22.2,12.0,8.0,66.7,4.0,33.3,4.0,33.3,6.0,5.0,83.3,1.0,16.7,1.0,16.7
20112012.0,1360.0,GUNNISON WATERSHED RE1J,1DISTRICT TOTALS (INCLUDING ALTERNATIVE SCHOOLS),1936.0,1552.0,80.2,384.0,19.8,424.0,21.9,955.0,755.0,79.1,200.0,20.9,219.0,22.9,981.0,797.0,81.2,184.0,18.8,205.0,20.9,13.0,8.0,61.5,5.0,38.5,6.0,46.2,8.0,7.0,87.5,1.0,12.5,1.0,12.5,2.0,1.0,50.0,1.0,50.0,1.0,50.0,290.0,235.0,81.0,55.0,19.0,60.0,20.7,1580.0,1273.0,80.6,307.0,19.4,340.0,21.5,6.0,2.0,33.3,4.0,66.7,4.0,66.7,37.0,26.0,70.3,11.0,29.7,12.0,32.4
20112012.0,1380.0,HINSDALE COUNTY RE 1,1DISTRICT TOTALS (INCLUDING ALTERNATIVE SCHOOLS),93.0,69.0,74.2,24.0,25.8,24.0,25.8,42.0,31.0,73.8,11.0,26.2,11.0,26.2,51.0,38.0,74.5,13.0,25.5,13.0,25.5,1.0,0.0,0.0,1.0,100.0,1.0,100.0,2.0,1.0,50.0,1.0,50.0,1.0,50.0,1.0,0.0,0.0,1.0,100.0,1.0,100.0,7.0,3.0,42.9,4.0,57.1,4.0,57.1,81.0,65.0,80.2,16.0,19.8,16.0,19.8,0.0,0.0,0.0,0.0,0.0,0.0,0.0,1.0,0.0,0.0,1.0,100.0,1.0,100.0
20112012.0,1390.0,HUERFANO RE-1,1DISTRICT TOTALS (INCLUDING ALTERNATIVE SCHOOLS),614.0,438.0,71.3,176.0,28.7,190.0,30.9,301.0,212.0,70.4,89.0,29.6,95.0,31.6,313.0,226.0,72.2,87.0,27.8,95.0,30.4,19.0,15.0,78.9,4.0,21.1,4.0,21.1,4.0,2.0,50.0,2.0,50.0,2.0,50.0,7.0,1.0,14.3,6.0,85.7,6.0,85.7,394.0,311.0,78.9,83.0,21.1,89.0,22.6,184.0,108.0,58.7,76.0,41.3,84.0,45.7,2.0,0.0,0.0,2.0,100.0,2.0,100.0,4.0,1.0,25.0,3.0,75.0,3.0,75.0
20112012.0,1400.0,LA VETA RE-2,1DISTRICT TOTALS (INCLUDING ALTERNATIVE SCHOOLS),262.0,169.0,64.5,92.0,35.1,96.0,36.6,135.0,90.0,66.7,44.0,32.6,47.0,34.8,127.0,79.0,62.2,48.0,37.8,49.0,38.6,0.0,0.0,0.0,0.0,0.0,0.0,0.0,0.0,0.0,0.0,0.0,0.0,0.0,0.0,0.0,0.0,0.0,0.0,0.0,0.0,0.0,82.0,50.0,61.0,31.0,37.8,32.0,39.0,177.0,118.0,66.7,59.0,33.3,62.0,35.0,0.0,0.0,0.0,0.0,0.0,0.0,0.0,3.0,1.0,33.3,2.0,66.7,2.0,66.7
20112012.0,1410.0,NORTH PARK R-1 ,1DISTRICT TOTALS (INCLUDING ALTERNATIVE SCHOOLS),205.0,151.0,73.7,54.0,26.3,60.0,29.3,105.0,78.0,74.3,27.0,25.7,30.0,28.6,100.0,73.0,73.0,27.0,27.0,30.0,30.0,1.0,0.0,0.0,1.0,100.0,1.0,100.0,0.0,0.0,0.0,0.0,0.0,0.0,0.0,0.0,0.0,0.0,0.0,0.0,0.0,0.0,43.0,36.0,83.7,7.0,16.3,8.0,18.6,156.0,114.0,73.1,42.0,26.9,47.0,30.1,0.0,0.0,0.0,0.0,0.0,0.0,0.0,5.0,1.0,20.0,4.0,80.0,4.0,80.0
20112012.0,1420.0,JEFFERSON COUNTY R-1,1DISTRICT TOTALS (INCLUDING ALTERNATIVE SCHOOLS),90678.0,74398.0,82.0,16049.0,17.7,17618.0,19.4,44122.0,36303.0,82.3,7721.0,17.5,8426.0,19.1,46556.0,38095.0,81.8,8328.0,17.9,9192.0,19.7,725.0,536.0,73.9,185.0,25.5,207.0,28.6,2797.0,2324.0,83.1,472.0,16.9,515.0,18.4,1146.0,753.0,65.7,387.0,33.8,421.0,36.7,22211.0,16654.0,75.0,5472.0,24.6,6065.0,27.3,60676.0,51569.0,85.0,8980.0,14.8,9802.0,16.2,171.0,124.0,72.5,47.0,27.5,50.0,29.2,2952.0,2438.0,82.6,506.0,17.1,558.0,18.9
20112012.0,1430.0,EADS RE-1,1DISTRICT TOTALS (INCLUDING ALTERNATIVE SCHOOLS),192.0,139.0,72.4,53.0,27.6,53.0,27.6,87.0,57.0,65.5,30.0,34.5,30.0,34.5,105.0,82.0,78.1,23.0,21.9,23.0,21.9,2.0,1.0,50.0,1.0,50.0,1.0,50.0,2.0,0.0,0.0,2.0,100.0,2.0,100.0,4.0,1.0,25.0,3.0,75.0,3.0,75.0,23.0,17.0,73.9,6.0,26.1,6.0,26.1,158.0,117.0,74.1,41.0,25.9,41.0,25.9,3.0,3.0,100.0,0.0,0.0,0.0,0.0,0.0,0.0,0.0,0.0,0.0,0.0,0.0
20112012.0,1440.0,PLAINVIEW RE-2,1DISTRICT TOTALS (INCLUDING ALTERNATIVE SCHOOLS),98.0,56.0,57.1,42.0,42.9,43.0,43.9,47.0,27.0,57.4,20.0,42.6,21.0,44.7,51.0,29.0,56.9,22.0,43.1,22.0,43.1,0.0,0.0,0.0,0.0,0.0,0.0,0.0,0.0,0.0,0.0,0.0,0.0,0.0,0.0,1.0,0.0,0.0,1.0,100.0,1.0,100.0,14.0,6.0,42.9,8.0,57.1,8.0,57.1,82.0,49.0,59.8,33.0,40.2,34.0,41.5,0.0,0.0,0.0,0.0,0.0,0.0,0.0,1.0,1.0,100.0,0.0,0.0,0.0,0.0
20112012.0,1450.0,ARRIBA-FLAGLER C-20,1DISTRICT TOTALS (INCLUDING ALTERNATIVE SCHOOLS),164.0,129.0,78.7,35.0,21.3,37.0,22.6,71.0,56.0,78.9,15.0,21.1,17.0,23.9,93.0,73.0,78.5,20.0,21.5,20.0,21.5,0.0,0.0,0.0,0.0,0.0,0.0,0.0,1.0,0.0,0.0,1.0,100.0,1.0,100.0,1.0,1.0,100.0,0.0,0.0,0.0,0.0,8.0,3.0,37.5,5.0,62.5,7.0,87.5,151.0,123.0,81.5,28.0,18.5,28.0,18.5,2.0,2.0,100.0,0.0,0.0,0.0,0.0,1.0,0.0,0.0,1.0,100.0,1.0,100.0
20112012.0,1460.0,HI-PLAINS R-23,1DISTRICT TOTALS (INCLUDING ALTERNATIVE SCHOOLS),125.0,93.0,74.4,32.0,25.6,32.0,25.6,62.0,47.0,75.8,15.0,24.2,15.0,24.2,63.0,46.0,73.0,17.0,27.0,17.0,27.0,2.0,2.0,100.0,0.0,0.0,0.0,0.0,0.0,0.0,0.0,0.0,0.0,0.0,0.0,3.0,3.0,100.0,0.0,0.0,0.0,0.0,18.0,14.0,77.8,4.0,22.2,4.0,22.2,102.0,74.0,72.5,28.0,27.5,28.0,27.5,0.0,0.0,0.0,0.0,0.0,0.0,0.0,0.0,0.0,0.0,0.0,0.0,0.0,0.0
20112012.0,1480.0,STRATTON R-4,1DISTRICT TOTALS (INCLUDING ALTERNATIVE SCHOOLS),189.0,128.0,67.7,61.0,32.3,61.0,32.3,88.0,57.0,64.8,31.0,35.2,31.0,35.2,101.0,71.0,70.3,30.0,29.7,30.0,29.7,0.0,0.0,0.0,0.0,0.0,0.0,0.0,0.0,0.0,0.0,0.0,0.0,0.0,0.0,0.0,0.0,0.0,0.0,0.0,0.0,0.0,35.0,23.0,65.7,12.0,34.3,12.0,34.3,154.0,105.0,68.2,49.0,31.8,49.0,31.8,0.0,0.0,0.0,0.0,0.0,0.0,0.0,0.0,0.0,0.0,0.0,0.0,0.0,0.0
20112012.0,1490.0,BETHUNE R-5,1DISTRICT TOTALS (INCLUDING ALTERNATIVE SCHOOLS),156.0,99.0,63.5,57.0,36.5,57.0,36.5,71.0,39.0,54.9,32.0,45.1,32.0,45.1,85.0,60.0,70.6,25.0,29.4,25.0,29.4,0.0,0.0,0.0,0.0,0.0,0.0,0.0,2.0,1.0,50.0,1.0,50.0,1.0,50.0,0.0,0.0,0.0,0.0,0.0,0.0,0.0,54.0,37.0,68.5,17.0,31.5,17.0,31.5,100.0,61.0,61.0,39.0,39.0,39.0,39.0,0.0,0.0,0.0,0.0,0.0,0.0,0.0,0.0,0.0,0.0,0.0,0.0,0.0,0.0
20112012.0,1500.0,BURLINGTON RE-6J,1DISTRICT TOTALS (INCLUDING ALTERNATIVE SCHOOLS),845.0,643.0,76.1,202.0,23.9,208.0,24.6,418.0,317.0,75.8,101.0,24.2,103.0,24.6,427.0,326.0,76.3,101.0,23.7,105.0,24.6,6.0,3.0,50.0,3.0,50.0,3.0,50.0,3.0,2.0,66.7,1.0,33.3,1.0,33.3,9.0,9.0,100.0,0.0,0.0,0.0,0.0,314.0,247.0,78.7,67.0,21.3,71.0,22.6,506.0,378.0,74.7,128.0,25.3,130.0,25.7,0.0,0.0,0.0,0.0,0.0,0.0,0.0,7.0,4.0,57.1,3.0,42.9,3.0,42.9
20112012.0,1510.0,LAKE COUNTY R-1,1DISTRICT TOTALS (INCLUDING ALTERNATIVE SCHOOLS),1246.0,930.0,74.6,316.0,25.4,336.0,27.0,616.0,460.0,74.7,156.0,25.3,168.0,27.3,630.0,470.0,74.6,160.0,25.4,168.0,26.7,31.0,5.0,16.1,26.0,83.9,27.0,87.1,1.0,0.0,0.0,1.0,100.0,1.0,100.0,3.0,1.0,33.3,2.0,66.7,2.0,66.7,843.0,656.0,77.8,187.0,22.2,202.0,24.0,352.0,253.0,71.9,99.0,28.1,103.0,29.3,0.0,0.0,0.0,0.0,0.0,0.0,0.0,16.0,15.0,93.8,1.0,6.3,1.0,6.3
20112012.0,1520.0,DURANGO 9-R,1DISTRICT TOTALS (INCLUDING ALTERNATIVE SCHOOLS),5088.0,3806.0,74.8,1273.0,25.0,1348.0,26.5,2489.0,1896.0,76.2,590.0,23.7,631.0,25.4,2599.0,1910.0,73.5,683.0,26.3,717.0,27.6,295.0,197.0,66.8,96.0,32.5,108.0,36.6,55.0,40.0,72.7,15.0,27.3,15.0,27.3,35.0,19.0,54.3,16.0,45.7,16.0,45.7,883.0,622.0,70.4,256.0,29.0,282.0,31.9,3735.0,2869.0,76.8,864.0,23.1,900.0,24.1,5.0,4.0,80.0,1.0,20.0,1.0,20.0,80.0,55.0,68.8,25.0,31.3,26.0,32.5
20112012.0,1530.0,BAYFIELD 10 JT-R,1DISTRICT TOTALS (INCLUDING ALTERNATIVE SCHOOLS),1569.0,1161.0,74.0,412.0,26.3,438.0,27.9,771.0,573.0,74.3,200.0,25.9,212.0,27.5,798.0,588.0,73.7,212.0,26.6,226.0,28.3,49.0,30.0,61.2,20.0,40.8,22.0,44.9,5.0,4.0,80.0,1.0,20.0,1.0,20.0,3.0,1.0,33.3,2.0,66.7,2.0,66.7,221.0,141.0,63.8,80.0,36.2,88.0,39.8,1246.0,960.0,77.0,289.0,23.2,305.0,24.5,1.0,0.0,0.0,1.0,100.0,1.0,100.0,44.0,25.0,56.8,19.0,43.2,19.0,43.2
20112012.0,1540.0,IGNACIO 11 JT,1DISTRICT TOTALS (INCLUDING ALTERNATIVE SCHOOLS),877.0,615.0,70.1,261.0,29.8,288.0,32.8,410.0,286.0,69.8,124.0,30.2,140.0,34.1,467.0,329.0,70.4,137.0,29.3,148.0,31.7,243.0,157.0,64.6,86.0,35.4,96.0,39.5,3.0,1.0,33.3,2.0,66.7,2.0,66.7,5.0,5.0,100.0,0.0,0.0,0.0,0.0,274.0,201.0,73.4,73.0,26.6,80.0,29.2,300.0,222.0,74.0,77.0,25.7,85.0,28.3,0.0,0.0,0.0,0.0,0.0,0.0,0.0,52.0,29.0,55.8,23.0,44.2,25.0,48.1
20112012.0,1550.0,POUDRE R-1,1DISTRICT TOTALS (INCLUDING ALTERNATIVE SCHOOLS),29031.0,24159.0,83.2,4808.0,16.6,5476.0,18.9,14257.0,11876.0,83.3,2348.0,16.5,2675.0,18.8,14774.0,12283.0,83.1,2460.0,16.7,2801.0,19.0,163.0,125.0,76.7,38.0,23.3,50.0,30.7,979.0,762.0,77.8,217.0,22.2,254.0,25.9,406.0,297.0,73.2,107.0,26.4,128.0,31.5,4995.0,3984.0,79.8,996.0,19.9,1199.0,24.0,21515.0,18202.0,84.6,3269.0,15.2,3637.0,16.9,35.0,29.0,82.9,6.0,17.1,6.0,17.1,938.0,760.0,81.0,175.0,18.7,202.0,21.5
20112012.0,1560.0,THOMPSON R2-J,1DISTRICT TOTALS (INCLUDING ALTERNATIVE SCHOOLS),16906.0,13276.0,78.5,3565.0,21.1,3885.0,23.0,8189.0,6457.0,78.8,1704.0,20.8,1845.0,22.5,8717.0,6819.0,78.2,1861.0,21.3,2040.0,23.4,103.0,75.0,72.8,28.0,27.2,30.0,29.1,250.0,196.0,78.4,54.0,21.6,57.0,22.8,168.0,113.0,67.3,55.0,32.7,60.0,35.7,3104.0,2335.0,75.2,757.0,24.4,829.0,26.7,12918.0,10278.0,79.6,2587.0,20.0,2812.0,21.8,37.0,26.0,70.3,11.0,29.7,11.0,29.7,326.0,253.0,77.6,73.0,22.4,86.0,26.4
20112012.0,1570.0,PARK (ESTES PARK) R-3,1DISTRICT TOTALS (INCLUDING ALTERNATIVE SCHOOLS),1272.0,972.0,76.4,295.0,23.2,308.0,24.2,585.0,457.0,78.1,127.0,21.7,131.0,22.4,687.0,515.0,75.0,168.0,24.5,177.0,25.8,12.0,7.0,58.3,5.0,41.7,5.0,41.7,19.0,15.0,78.9,4.0,21.1,4.0,21.1,13.0,13.0,100.0,0.0,0.0,0.0,0.0,270.0,203.0,75.2,67.0,24.8,69.0,25.6,931.0,721.0,77.4,205.0,22.0,216.0,23.2,7.0,2.0,28.6,5.0,71.4,5.0,71.4,20.0,11.0,55.0,9.0,45.0,9.0,45.0
20112012.0,1580.0,TRINIDAD 1,1DISTRICT TOTALS (INCLUDING ALTERNATIVE SCHOOLS),1594.0,1163.0,73.0,430.0,27.0,463.0,29.0,809.0,595.0,73.5,213.0,26.3,225.0,27.8,785.0,568.0,72.4,217.0,27.6,238.0,30.3,27.0,16.0,59.3,11.0,40.7,11.0,40.7,23.0,19.0,82.6,4.0,17.4,4.0,17.4,17.0,9.0,52.9,8.0,47.1,8.0,47.1,1039.0,788.0,75.8,250.0,24.1,274.0,26.4,479.0,325.0,67.8,154.0,32.2,163.0,34.0,1.0,1.0,100.0,0.0,0.0,0.0,0.0,8.0,5.0,62.5,3.0,37.5,3.0,37.5
20112012.0,1590.0,PRIMERO REORGANIZED 2,1DISTRICT TOTALS (INCLUDING ALTERNATIVE SCHOOLS),239.0,115.0,48.1,124.0,51.9,124.0,51.9,111.0,57.0,51.4,54.0,48.6,54.0,48.6,128.0,58.0,45.3,70.0,54.7,70.0,54.7,2.0,0.0,0.0,2.0,100.0,2.0,100.0,1.0,1.0,100.0,0.0,0.0,0.0,0.0,3.0,0.0,0.0,3.0,100.0,3.0,100.0,92.0,50.0,54.3,42.0,45.7,42.0,45.7,141.0,64.0,45.4,77.0,54.6,77.0,54.6,0.0,0.0,0.0,0.0,0.0,0.0,0.0,0.0,0.0,0.0,0.0,0.0,0.0,0.0
20112012.0,1600.0,HOEHNE REORGANIZED 3,1DISTRICT TOTALS (INCLUDING ALTERNATIVE SCHOOLS),376.0,270.0,71.8,106.0,28.2,106.0,28.2,181.0,127.0,70.2,54.0,29.8,54.0,29.8,195.0,143.0,73.3,52.0,26.7,52.0,26.7,0.0,0.0,0.0,0.0,0.0,0.0,0.0,2.0,2.0,100.0,0.0,0.0,0.0,0.0,0.0,0.0,0.0,0.0,0.0,0.0,0.0,160.0,114.0,71.3,46.0,28.8,46.0,28.8,207.0,151.0,72.9,56.0,27.1,56.0,27.1,1.0,0.0,0.0,1.0,100.0,1.0,100.0,6.0,3.0,50.0,3.0,50.0,3.0,50.0
20112012.0,1620.0,AGUILAR REORGANIZED 6,1DISTRICT TOTALS (INCLUDING ALTERNATIVE SCHOOLS),123.0,56.0,45.5,66.0,53.7,69.0,56.1,55.0,27.0,49.1,28.0,50.9,28.0,50.9,68.0,29.0,42.6,38.0,55.9,41.0,60.3,1.0,0.0,0.0,1.0,100.0,1.0,100.0,0.0,0.0,0.0,0.0,0.0,0.0,0.0,0.0,0.0,0.0,0.0,0.0,0.0,0.0,64.0,31.0,48.4,32.0,50.0,34.0,53.1,58.0,25.0,43.1,33.0,56.9,34.0,58.6,0.0,0.0,0.0,0.0,0.0,0.0,0.0,0.0,0.0,0.0,0.0,0.0,0.0,0.0
20112012.0,1750.0,BRANSON REORGANIZED 82,1DISTRICT TOTALS (INCLUDING ALTERNATIVE SCHOOLS),600.0,220.0,36.7,380.0,63.3,385.0,64.2,339.0,122.0,36.0,217.0,64.0,220.0,64.9,261.0,98.0,37.5,163.0,62.5,165.0,63.2,8.0,3.0,37.5,5.0,62.5,5.0,62.5,4.0,1.0,25.0,3.0,75.0,3.0,75.0,28.0,7.0,25.0,21.0,75.0,21.0,75.0,147.0,46.0,31.3,101.0,68.7,101.0,68.7,388.0,151.0,38.9,237.0,61.1,240.0,61.9,2.0,1.0,50.0,1.0,50.0,2.0,100.0,23.0,11.0,47.8,12.0,52.2,13.0,56.5
20112012.0,1760.0,KIM REORGANIZED 88,1DISTRICT TOTALS (INCLUDING ALTERNATIVE SCHOOLS),61.0,47.0,77.0,14.0,23.0,14.0,23.0,29.0,23.0,79.3,6.0,20.7,6.0,20.7,32.0,24.0,75.0,8.0,25.0,8.0,25.0,0.0,0.0,0.0,0.0,0.0,0.0,0.0,0.0,0.0,0.0,0.0,0.0,0.0,0.0,0.0,0.0,0.0,0.0,0.0,0.0,0.0,11.0,5.0,45.5,6.0,54.5,6.0,54.5,50.0,42.0,84.0,8.0,16.0,8.0,16.0,0.0,0.0,0.0,0.0,0.0,0.0,0.0,0.0,0.0,0.0,0.0,0.0,0.0,0.0
20112012.0,1780.0,GENOA-HUGO C113,1DISTRICT TOTALS (INCLUDING ALTERNATIVE SCHOOLS),190.0,134.0,70.5,56.0,29.5,58.0,30.5,89.0,65.0,73.0,24.0,27.0,25.0,28.1,101.0,69.0,68.3,32.0,31.7,33.0,32.7,0.0,0.0,0.0,0.0,0.0,0.0,0.0,0.0,0.0,0.0,0.0,0.0,0.0,0.0,4.0,2.0,50.0,2.0,50.0,3.0,75.0,8.0,3.0,37.5,5.0,62.5,5.0,62.5,178.0,129.0,72.5,49.0,27.5,50.0,28.1,0.0,0.0,0.0,0.0,0.0,0.0,0.0,0.0,0.0,0.0,0.0,0.0,0.0,0.0
20112012.0,1790.0,LIMON RE-4J,1DISTRICT TOTALS (INCLUDING ALTERNATIVE SCHOOLS),542.0,369.0,68.1,173.0,31.9,177.0,32.7,268.0,184.0,68.7,84.0,31.3,84.0,31.3,274.0,185.0,67.5,89.0,32.5,93.0,33.9,6.0,4.0,66.7,2.0,33.3,2.0,33.3,5.0,3.0,60.0,2.0,40.0,2.0,40.0,14.0,10.0,71.4,4.0,28.6,4.0,28.6,51.0,34.0,66.7,17.0,33.3,17.0,33.3,455.0,309.0,67.9,146.0,32.1,150.0,33.0,2.0,1.0,50.0,1.0,50.0,1.0,50.0,9.0,8.0,88.9,1.0,11.1,1.0,11.1
20112012.0,1810.0,KARVAL RE-23,1DISTRICT TOTALS (INCLUDING ALTERNATIVE SCHOOLS),265.0,93.0,35.1,172.0,64.9,176.0,66.4,127.0,48.0,37.8,79.0,62.2,81.0,63.8,138.0,45.0,32.6,93.0,67.4,95.0,68.8,3.0,1.0,33.3,2.0,66.7,2.0,66.7,5.0,3.0,60.0,2.0,40.0,2.0,40.0,6.0,2.0,33.3,4.0,66.7,4.0,66.7,22.0,5.0,22.7,17.0,77.3,17.0,77.3,229.0,82.0,35.8,147.0,64.2,151.0,65.9,0.0,0.0,0.0,0.0,0.0,0.0,0.0,0.0,0.0,0.0,0.0,0.0,0.0,0.0
20112012.0,1828.0,VALLEY RE-1,1DISTRICT TOTALS (INCLUDING ALTERNATIVE SCHOOLS),2501.0,1916.0,76.6,583.0,23.3,630.0,25.2,1195.0,911.0,76.2,283.0,23.7,309.0,25.9,1306.0,1005.0,77.0,300.0,23.0,321.0,24.6,21.0,13.0,61.9,8.0,38.1,9.0,42.9,17.0,10.0,58.8,7.0,41.2,7.0,41.2,20.0,10.0,50.0,10.0,50.0,11.0,55.0,638.0,490.0,76.8,147.0,23.0,160.0,25.1,1732.0,1341.0,77.4,390.0,22.5,421.0,24.3,4.0,4.0,100.0,0.0,0.0,0.0,0.0,69.0,48.0,69.6,21.0,30.4,22.0,31.9
20112012.0,1850.0,FRENCHMAN RE-3,1DISTRICT TOTALS (INCLUDING ALTERNATIVE SCHOOLS),196.0,153.0,78.1,43.0,21.9,44.0,22.4,102.0,79.0,77.5,23.0,22.5,24.0,23.5,94.0,74.0,78.7,20.0,21.3,20.0,21.3,0.0,0.0,0.0,0.0,0.0,0.0,0.0,2.0,1.0,50.0,1.0,50.0,1.0,50.0,1.0,0.0,0.0,1.0,100.0,1.0,100.0,24.0,19.0,79.2,5.0,20.8,5.0,20.8,167.0,131.0,78.4,36.0,21.6,37.0,22.2,0.0,0.0,0.0,0.0,0.0,0.0,0.0,2.0,2.0,100.0,0.0,0.0,0.0,0.0
20112012.0,1860.0,BUFFALO RE-4J,1DISTRICT TOTALS (INCLUDING ALTERNATIVE SCHOOLS),339.0,279.0,82.3,60.0,17.7,60.0,17.7,162.0,136.0,84.0,26.0,16.0,26.0,16.0,177.0,143.0,80.8,34.0,19.2,34.0,19.2,3.0,3.0,100.0,0.0,0.0,0.0,0.0,4.0,2.0,50.0,2.0,50.0,2.0,50.0,10.0,10.0,100.0,0.0,0.0,0.0,0.0,30.0,22.0,73.3,8.0,26.7,8.0,26.7,288.0,238.0,82.6,50.0,17.4,50.0,17.4,0.0,0.0,0.0,0.0,0.0,0.0,0.0,4.0,4.0,100.0,0.0,0.0,0.0,0.0
20112012.0,1870.0,PLATEAU RE-5,1DISTRICT TOTALS (INCLUDING ALTERNATIVE SCHOOLS),192.0,151.0,78.6,41.0,21.4,42.0,21.9,77.0,58.0,75.3,19.0,24.7,19.0,24.7,115.0,93.0,80.9,22.0,19.1,23.0,20.0,0.0,0.0,0.0,0.0,0.0,0.0,0.0,0.0,0.0,0.0,0.0,0.0,0.0,0.0,0.0,0.0,0.0,0.0,0.0,0.0,0.0,6.0,2.0,33.3,4.0,66.7,4.0,66.7,183.0,146.0,79.8,37.0,20.2,38.0,20.8,0.0,0.0,0.0,0.0,0.0,0.0,0.0,3.0,3.0,100.0,0.0,0.0,0.0,0.0
20112012.0,1980.0,DE BEQUE 49JT,1DISTRICT TOTALS (INCLUDING ALTERNATIVE SCHOOLS),149.0,73.0,49.0,76.0,51.0,81.0,54.4,59.0,29.0,49.2,30.0,50.8,32.0,54.2,90.0,44.0,48.9,46.0,51.1,49.0,54.4,2.0,2.0,100.0,0.0,0.0,0.0,0.0,0.0,0.0,0.0,0.0,0.0,0.0,0.0,0.0,0.0,0.0,0.0,0.0,0.0,0.0,17.0,6.0,35.3,11.0,64.7,11.0,64.7,126.0,65.0,51.6,61.0,48.4,66.0,52.4,0.0,0.0,0.0,0.0,0.0,0.0,0.0,4.0,0.0,0.0,4.0,100.0,4.0,100.0
20112012.0,1990.0,PLATEAU VALLEY 50,1DISTRICT TOTALS (INCLUDING ALTERNATIVE SCHOOLS),653.0,359.0,55.0,294.0,45.0,299.0,45.8,276.0,159.0,57.6,117.0,42.4,119.0,43.1,377.0,200.0,53.1,177.0,46.9,180.0,47.7,13.0,6.0,46.2,7.0,53.8,8.0,61.5,4.0,3.0,75.0,1.0,25.0,1.0,25.0,35.0,13.0,37.1,22.0,62.9,23.0,65.7,137.0,60.0,43.8,77.0,56.2,77.0,56.2,459.0,276.0,60.1,183.0,39.9,186.0,40.5,1.0,0.0,0.0,1.0,100.0,1.0,100.0,4.0,1.0,25.0,3.0,75.0,3.0,75.0
20112012.0,2000.0,MESA COUNTY VALLEY 51,1DISTRICT TOTALS (INCLUDING ALTERNATIVE SCHOOLS),23983.0,18809.0,78.4,5029.0,21.0,5806.0,24.2,11660.0,9151.0,78.5,2435.0,20.9,2800.0,24.0,12323.0,9658.0,78.4,2594.0,21.1,3006.0,24.4,258.0,164.0,63.6,94.0,36.4,103.0,39.9,187.0,142.0,75.9,45.0,24.1,48.0,25.7,172.0,126.0,73.3,43.0,25.0,49.0,28.5,5205.0,4136.0,79.5,1033.0,19.8,1250.0,24.0,17270.0,13579.0,78.6,3590.0,20.8,4090.0,23.7,39.0,27.0,69.2,12.0,30.8,20.0,51.3,852.0,635.0,74.5,212.0,24.9,246.0,28.9
20112012.0,2010.0,CREEDE SCHOOL DISTRICT,1DISTRICT TOTALS (INCLUDING ALTERNATIVE SCHOOLS),104.0,64.0,61.5,40.0,38.5,40.0,38.5,48.0,30.0,62.5,18.0,37.5,18.0,37.5,56.0,34.0,60.7,22.0,39.3,22.0,39.3,0.0,0.0,0.0,0.0,0.0,0.0,0.0,1.0,0.0,0.0,1.0,100.0,1.0,100.0,0.0,0.0,0.0,0.0,0.0,0.0,0.0,18.0,9.0,50.0,9.0,50.0,9.0,50.0,81.0,54.0,66.7,27.0,33.3,27.0,33.3,0.0,0.0,0.0,0.0,0.0,0.0,0.0,4.0,1.0,25.0,3.0,75.0,3.0,75.0
20112012.0,2020.0,MOFFAT COUNTY RE:NO 1,1DISTRICT TOTALS (INCLUDING ALTERNATIVE SCHOOLS),2448.0,1875.0,76.6,573.0,23.4,638.0,26.1,1163.0,889.0,76.4,275.0,23.6,312.0,26.8,1285.0,986.0,76.7,298.0,23.2,326.0,25.4,29.0,23.0,79.3,6.0,20.7,8.0,27.6,8.0,6.0,75.0,3.0,37.5,4.0,50.0,10.0,8.0,80.0,2.0,20.0,2.0,20.0,507.0,384.0,75.7,122.0,24.1,141.0,27.8,1850.0,1421.0,76.8,429.0,23.2,472.0,25.5,2.0,2.0,100.0,0.0,0.0,0.0,0.0,42.0,31.0,73.8,11.0,26.2,11.0,26.2
20112012.0,9050.0,SAN JUAN BOCES,1DISTRICT TOTALS (INCLUDING ALTERNATIVE SCHOOLS),84.0,0.0,0.0,84.0,100.0,84.0,100.0,36.0,0.0,0.0,36.0,100.0,36.0,100.0,48.0,0.0,0.0,48.0,100.0,48.0,100.0,8.0,0.0,0.0,8.0,100.0,8.0,100.0,0.0,0.0,0.0,0.0,0.0,0.0,0.0,0.0,0.0,0.0,0.0,0.0,0.0,0.0,15.0,0.0,0.0,15.0,100.0,15.0,100.0,58.0,0.0,0.0,58.0,100.0,58.0,100.0,0.0,0.0,0.0,0.0,0.0,0.0,0.0,3.0,0.0,0.0,3.0,100.0,3.0,100.0
20112012.0,2035.0,MONTEZUMA-CORTEZ RE-1,1DISTRICT TOTALS (INCLUDING ALTERNATIVE SCHOOLS),3250.0,2246.0,69.1,986.0,30.3,1119.0,34.4,1574.0,1084.0,68.9,481.0,30.6,538.0,34.2,1676.0,1162.0,69.3,505.0,30.1,581.0,34.7,878.0,566.0,64.5,310.0,35.3,365.0,41.6,15.0,11.0,73.3,4.0,26.7,4.0,26.7,15.0,14.0,93.3,1.0,6.7,2.0,13.3,577.0,416.0,72.1,157.0,27.2,175.0,30.3,1677.0,1176.0,70.1,488.0,29.1,543.0,32.4,2.0,1.0,50.0,1.0,50.0,1.0,50.0,86.0,62.0,72.1,25.0,29.1,29.0,33.7
20112012.0,2055.0,DOLORES RE-4A,1DISTRICT TOTALS (INCLUDING ALTERNATIVE SCHOOLS),780.0,552.0,70.8,228.0,29.2,230.0,29.5,374.0,265.0,70.9,109.0,29.1,110.0,29.4,406.0,287.0,70.7,119.0,29.3,120.0,29.6,27.0,19.0,70.4,8.0,29.6,8.0,29.6,5.0,3.0,60.0,2.0,40.0,2.0,40.0,6.0,4.0,66.7,2.0,33.3,2.0,33.3,63.0,45.0,71.4,18.0,28.6,18.0,28.6,666.0,477.0,71.6,189.0,28.4,191.0,28.7,0.0,0.0,0.0,0.0,0.0,0.0,0.0,13.0,4.0,30.8,9.0,69.2,9.0,69.2
20112012.0,2070.0,MANCOS RE-6,1DISTRICT TOTALS (INCLUDING ALTERNATIVE SCHOOLS),449.0,304.0,67.7,146.0,32.5,151.0,33.6,211.0,132.0,62.6,79.0,37.4,83.0,39.3,238.0,172.0,72.3,67.0,28.2,68.0,28.6,28.0,17.0,60.7,11.0,39.3,11.0,39.3,0.0,0.0,0.0,0.0,0.0,0.0,0.0,3.0,0.0,0.0,3.0,100.0,3.0,100.0,75.0,41.0,54.7,34.0,45.3,35.0,46.7,334.0,241.0,72.2,94.0,28.1,98.0,29.3,1.0,1.0,100.0,0.0,0.0,0.0,0.0,8.0,4.0,50.0,4.0,50.0,4.0,50.0
20112012.0,2180.0,MONTROSE COUNTY RE-1J,1DISTRICT TOTALS (INCLUDING ALTERNATIVE SCHOOLS),6747.0,5229.0,77.5,1484.0,22.0,1693.0,25.1,3267.0,2562.0,78.4,688.0,21.1,782.0,23.9,3480.0,2667.0,76.6,796.0,22.9,911.0,26.2,49.0,31.0,63.3,18.0,36.7,21.0,42.9,31.0,23.0,74.2,8.0,25.8,8.0,25.8,31.0,22.0,71.0,9.0,29.0,9.0,29.0,2414.0,1919.0,79.5,483.0,20.0,560.0,23.2,4042.0,3105.0,76.8,916.0,22.7,1037.0,25.7,5.0,2.0,40.0,3.0,60.0,4.0,80.0,175.0,127.0,72.6,47.0,26.9,54.0,30.9
20112012.0,2190.0,WEST END RE-2,1DISTRICT TOTALS (INCLUDING ALTERNATIVE SCHOOLS),351.0,254.0,72.4,97.0,27.6,103.0,29.3,185.0,134.0,72.4,51.0,27.6,56.0,30.3,166.0,120.0,72.3,46.0,27.7,47.0,28.3,8.0,6.0,75.0,2.0,25.0,2.0,25.0,1.0,1.0,100.0,0.0,0.0,0.0,0.0,5.0,4.0,80.0,1.0,20.0,1.0,20.0,34.0,12.0,35.3,22.0,64.7,22.0,64.7,302.0,231.0,76.5,71.0,23.5,77.0,25.5,0.0,0.0,0.0,0.0,0.0,0.0,0.0,1.0,0.0,0.0,1.0,100.0,1.0,100.0
20112012.0,2395.0,BRUSH RE-2(J),1DISTRICT TOTALS (INCLUDING ALTERNATIVE SCHOOLS),1603.0,1244.0,77.6,359.0,22.4,396.0,24.7,806.0,623.0,77.3,183.0,22.7,203.0,25.2,797.0,621.0,77.9,176.0,22.1,193.0,24.2,5.0,3.0,60.0,2.0,40.0,2.0,40.0,4.0,4.0,100.0,0.0,0.0,0.0,0.0,17.0,11.0,64.7,6.0,35.3,6.0,35.3,789.0,623.0,79.0,166.0,21.0,188.0,23.8,755.0,577.0,76.4,178.0,23.6,193.0,25.6,2.0,1.0,50.0,1.0,50.0,1.0,50.0,31.0,25.0,80.6,6.0,19.4,6.0,19.4
20112012.0,2405.0,FORT MORGAN RE-3,1DISTRICT TOTALS (INCLUDING ALTERNATIVE SCHOOLS),3403.0,2629.0,77.3,770.0,22.6,843.0,24.8,1654.0,1282.0,77.5,369.0,22.3,408.0,24.7,1749.0,1347.0,77.0,401.0,22.9,435.0,24.9,21.0,15.0,71.4,6.0,28.6,6.0,28.6,15.0,9.0,60.0,6.0,40.0,6.0,40.0,139.0,67.0,48.2,72.0,51.8,75.0,54.0,2017.0,1599.0,79.3,417.0,20.7,463.0,23.0,1177.0,914.0,77.7,260.0,22.1,283.0,24.0,1.0,1.0,100.0,0.0,0.0,0.0,0.0,33.0,24.0,72.7,9.0,27.3,10.0,30.3
20112012.0,2505.0,WELDON VALLEY RE-20(J),1DISTRICT TOTALS (INCLUDING ALTERNATIVE SCHOOLS),225.0,166.0,73.8,59.0,26.2,59.0,26.2,119.0,88.0,73.9,31.0,26.1,31.0,26.1,106.0,78.0,73.6,28.0,26.4,28.0,26.4,0.0,0.0,0.0,0.0,0.0,0.0,0.0,1.0,0.0,0.0,1.0,100.0,1.0,100.0,0.0,0.0,0.0,0.0,0.0,0.0,0.0,33.0,21.0,63.6,12.0,36.4,12.0,36.4,191.0,145.0,75.9,46.0,24.1,46.0,24.1,0.0,0.0,0.0,0.0,0.0,0.0,0.0,0.0,0.0,0.0,0.0,0.0,0.0,0.0
20112012.0,2515.0,WIGGINS RE-50(J),1DISTRICT TOTALS (INCLUDING ALTERNATIVE SCHOOLS),561.0,412.0,73.4,149.0,26.6,152.0,27.1,266.0,201.0,75.6,65.0,24.4,66.0,24.8,295.0,211.0,71.5,84.0,28.5,86.0,29.2,7.0,3.0,42.9,4.0,57.1,4.0,57.1,3.0,3.0,100.0,0.0,0.0,0.0,0.0,3.0,2.0,66.7,1.0,33.3,1.0,33.3,161.0,100.0,62.1,61.0,37.9,62.0,38.5,368.0,292.0,79.3,76.0,20.7,78.0,21.2,0.0,0.0,0.0,0.0,0.0,0.0,0.0,19.0,12.0,63.2,7.0,36.8,7.0,36.8
20112012.0,2520.0,EAST OTERO R-1,1DISTRICT TOTALS (INCLUDING ALTERNATIVE SCHOOLS),1494.0,1056.0,70.7,438.0,29.3,471.0,31.5,729.0,518.0,71.1,211.0,28.9,226.0,31.0,765.0,538.0,70.3,227.0,29.7,245.0,32.0,6.0,4.0,66.7,2.0,33.3,2.0,33.3,6.0,5.0,83.3,1.0,16.7,1.0,16.7,6.0,5.0,83.3,1.0,16.7,1.0,16.7,945.0,684.0,72.4,261.0,27.6,281.0,29.7,498.0,340.0,68.3,158.0,31.7,171.0,34.3,1.0,0.0,0.0,1.0,100.0,1.0,100.0,32.0,18.0,56.3,14.0,43.8,14.0,43.8
20112012.0,2530.0,ROCKY FORD R-2,1DISTRICT TOTALS (INCLUDING ALTERNATIVE SCHOOLS),965.0,700.0,72.5,265.0,27.5,279.0,28.9,438.0,310.0,70.8,128.0,29.2,133.0,30.4,527.0,390.0,74.0,137.0,26.0,146.0,27.7,2.0,2.0,100.0,0.0,0.0,0.0,0.0,7.0,5.0,71.4,2.0,28.6,2.0,28.6,11.0,6.0,54.5,5.0,45.5,5.0,45.5,669.0,500.0,74.7,169.0,25.3,181.0,27.1,274.0,185.0,67.5,89.0,32.5,91.0,33.2,0.0,0.0,0.0,0.0,0.0,0.0,0.0,2.0,2.0,100.0,0.0,0.0,0.0,0.0
20112012.0,2535.0,MANZANOLA 3J,1DISTRICT TOTALS (INCLUDING ALTERNATIVE SCHOOLS),201.0,120.0,59.7,81.0,40.3,85.0,42.3,94.0,56.0,59.6,38.0,40.4,39.0,41.5,107.0,64.0,59.8,43.0,40.2,46.0,43.0,0.0,0.0,0.0,0.0,0.0,0.0,0.0,0.0,0.0,0.0,0.0,0.0,0.0,0.0,1.0,1.0,100.0,0.0,0.0,0.0,0.0,138.0,79.0,57.2,59.0,42.8,62.0,44.9,62.0,40.0,64.5,22.0,35.5,23.0,37.1,0.0,0.0,0.0,0.0,0.0,0.0,0.0,0.0,0.0,0.0,0.0,0.0,0.0,0.0
20112012.0,2540.0,FOWLER R-4J,1DISTRICT TOTALS (INCLUDING ALTERNATIVE SCHOOLS),463.0,345.0,74.5,118.0,25.5,124.0,26.8,244.0,190.0,77.9,54.0,22.1,56.0,23.0,219.0,155.0,70.8,64.0,29.2,68.0,31.1,4.0,0.0,0.0,4.0,100.0,5.0,125.0,0.0,0.0,0.0,0.0,0.0,0.0,0.0,0.0,0.0,0.0,0.0,0.0,0.0,0.0,94.0,68.0,72.3,26.0,27.7,28.0,29.8,358.0,273.0,76.3,85.0,23.7,87.0,24.3,0.0,0.0,0.0,0.0,0.0,0.0,0.0,7.0,4.0,57.1,3.0,42.9,4.0,57.1
20112012.0,2560.0,CHERAW 31,1DISTRICT TOTALS (INCLUDING ALTERNATIVE SCHOOLS),224.0,178.0,79.5,46.0,20.5,48.0,21.4,114.0,97.0,85.1,17.0,14.9,18.0,15.8,110.0,81.0,73.6,29.0,26.4,30.0,27.3,1.0,1.0,100.0,0.0,0.0,0.0,0.0,0.0,0.0,0.0,0.0,0.0,0.0,0.0,3.0,0.0,0.0,3.0,100.0,3.0,100.0,46.0,33.0,71.7,13.0,28.3,14.0,30.4,172.0,143.0,83.1,29.0,16.9,30.0,17.4,0.0,0.0,0.0,0.0,0.0,0.0,0.0,2.0,1.0,50.0,1.0,50.0,1.0,50.0
20112012.0,2570.0,SWINK 33,1DISTRICT TOTALS (INCLUDING ALTERNATIVE SCHOOLS),417.0,315.0,75.5,102.0,24.5,103.0,24.7,205.0,150.0,73.2,55.0,26.8,56.0,27.3,212.0,165.0,77.8,47.0,22.2,47.0,22.2,1.0,1.0,100.0,0.0,0.0,0.0,0.0,27.0,21.0,77.8,6.0,22.2,6.0,22.2,6.0,3.0,50.0,3.0,50.0,3.0,50.0,105.0,75.0,71.4,30.0,28.6,30.0,28.6,269.0,208.0,77.3,61.0,22.7,62.0,23.0,0.0,0.0,0.0,0.0,0.0,0.0,0.0,9.0,7.0,77.8,2.0,22.2,2.0,22.2
20112012.0,2580.0,OURAY R-1,1DISTRICT TOTALS (INCLUDING ALTERNATIVE SCHOOLS),219.0,146.0,66.7,73.0,33.3,75.0,34.2,117.0,76.0,65.0,41.0,35.0,42.0,35.9,102.0,70.0,68.6,32.0,31.4,33.0,32.4,1.0,1.0,100.0,0.0,0.0,0.0,0.0,4.0,3.0,75.0,1.0,25.0,1.0,25.0,1.0,1.0,100.0,0.0,0.0,0.0,0.0,30.0,17.0,56.7,13.0,43.3,14.0,46.7,182.0,123.0,67.6,59.0,32.4,60.0,33.0,1.0,1.0,100.0,0.0,0.0,0.0,0.0,0.0,0.0,0.0,0.0,0.0,0.0,0.0
20112012.0,2590.0,RIDGWAY R-2,1DISTRICT TOTALS (INCLUDING ALTERNATIVE SCHOOLS),386.0,273.0,70.7,113.0,29.3,117.0,30.3,191.0,128.0,67.0,63.0,33.0,65.0,34.0,195.0,145.0,74.4,50.0,25.6,52.0,26.7,1.0,1.0,100.0,0.0,0.0,0.0,0.0,4.0,3.0,75.0,1.0,25.0,1.0,25.0,1.0,1.0,100.0,0.0,0.0,0.0,0.0,38.0,16.0,42.1,22.0,57.9,24.0,63.2,324.0,238.0,73.5,86.0,26.5,88.0,27.2,3.0,2.0,66.7,1.0,33.3,1.0,33.3,15.0,12.0,80.0,3.0,20.0,3.0,20.0
20112012.0,2600.0,PLATTE CANYON 1,1DISTRICT TOTALS (INCLUDING ALTERNATIVE SCHOOLS),1247.0,857.0,68.7,390.0,31.3,404.0,32.4,588.0,405.0,68.9,183.0,31.1,191.0,32.5,659.0,452.0,68.6,207.0,31.4,213.0,32.3,5.0,5.0,100.0,0.0,0.0,0.0,0.0,15.0,11.0,73.3,4.0,26.7,4.0,26.7,9.0,5.0,55.6,4.0,44.4,5.0,55.6,104.0,72.0,69.2,32.0,30.8,33.0,31.7,1060.0,736.0,69.4,324.0,30.6,334.0,31.5,0.0,0.0,0.0,0.0,0.0,0.0,0.0,54.0,28.0,51.9,26.0,48.1,28.0,51.9
20112012.0,2610.0,PARK COUNTY RE-2,1DISTRICT TOTALS (INCLUDING ALTERNATIVE SCHOOLS),624.0,403.0,64.6,220.0,35.3,226.0,36.2,304.0,188.0,61.8,116.0,38.2,119.0,39.1,320.0,215.0,67.2,104.0,32.5,107.0,33.4,2.0,1.0,50.0,1.0,50.0,1.0,50.0,2.0,0.0,0.0,2.0,100.0,2.0,100.0,9.0,2.0,22.2,7.0,77.8,7.0,77.8,75.0,43.0,57.3,32.0,42.7,35.0,46.7,525.0,347.0,66.1,177.0,33.7,180.0,34.3,0.0,0.0,0.0,0.0,0.0,0.0,0.0,11.0,10.0,90.9,1.0,9.1,1.0,9.1
20112012.0,2620.0,HOLYOKE RE-1J,1DISTRICT TOTALS (INCLUDING ALTERNATIVE SCHOOLS),641.0,505.0,78.8,136.0,21.2,144.0,22.5,302.0,234.0,77.5,68.0,22.5,72.0,23.8,339.0,271.0,79.9,68.0,20.1,72.0,21.2,0.0,0.0,0.0,0.0,0.0,0.0,0.0,1.0,0.0,0.0,1.0,100.0,1.0,100.0,3.0,1.0,33.3,2.0,66.7,2.0,66.7,260.0,202.0,77.7,58.0,22.3,62.0,23.8,371.0,296.0,79.8,75.0,20.2,79.0,21.3,0.0,0.0,0.0,0.0,0.0,0.0,0.0,6.0,6.0,100.0,0.0,0.0,0.0,0.0
20112012.0,2630.0,HAXTUN RE-2J,1DISTRICT TOTALS (INCLUDING ALTERNATIVE SCHOOLS),319.0,258.0,80.9,61.0,19.1,63.0,19.7,158.0,125.0,79.1,33.0,20.9,35.0,22.2,161.0,133.0,82.6,28.0,17.4,28.0,17.4,1.0,1.0,100.0,0.0,0.0,0.0,0.0,2.0,2.0,100.0,0.0,0.0,0.0,0.0,1.0,0.0,0.0,1.0,100.0,1.0,100.0,27.0,22.0,81.5,5.0,18.5,5.0,18.5,284.0,229.0,80.6,55.0,19.4,57.0,20.1,0.0,0.0,0.0,0.0,0.0,0.0,0.0,4.0,4.0,100.0,0.0,0.0,0.0,0.0
20112012.0,2640.0,ASPEN 1,1DISTRICT TOTALS (INCLUDING ALTERNATIVE SCHOOLS),1819.0,1529.0,84.1,290.0,15.9,312.0,17.2,876.0,742.0,84.7,134.0,15.3,147.0,16.8,943.0,787.0,83.5,156.0,16.5,165.0,17.5,12.0,4.0,33.3,8.0,66.7,8.0,66.7,34.0,27.0,79.4,7.0,20.6,7.0,20.6,13.0,12.0,92.3,1.0,7.7,1.0,7.7,203.0,163.0,80.3,40.0,19.7,42.0,20.7,1554.0,1321.0,85.0,233.0,15.0,253.0,16.3,1.0,0.0,0.0,1.0,100.0,1.0,100.0,2.0,2.0,100.0,0.0,0.0,0.0,0.0
20112012.0,2650.0,GRANADA RE-1,1DISTRICT TOTALS (INCLUDING ALTERNATIVE SCHOOLS),271.0,178.0,65.7,93.0,34.3,93.0,34.3,114.0,74.0,64.9,40.0,35.1,40.0,35.1,157.0,104.0,66.2,53.0,33.8,53.0,33.8,0.0,0.0,0.0,0.0,0.0,0.0,0.0,0.0,0.0,0.0,0.0,0.0,0.0,0.0,0.0,0.0,0.0,0.0,0.0,0.0,0.0,197.0,124.0,62.9,73.0,37.1,73.0,37.1,74.0,54.0,73.0,20.0,27.0,20.0,27.0,0.0,0.0,0.0,0.0,0.0,0.0,0.0,0.0,0.0,0.0,0.0,0.0,0.0,0.0
20112012.0,2660.0,LAMAR RE-2,1DISTRICT TOTALS (INCLUDING ALTERNATIVE SCHOOLS),1782.0,1368.0,76.8,414.0,23.2,441.0,24.7,846.0,642.0,75.9,204.0,24.1,215.0,25.4,936.0,726.0,77.6,210.0,22.4,226.0,24.1,14.0,11.0,78.6,3.0,21.4,3.0,21.4,7.0,6.0,85.7,1.0,14.3,1.0,14.3,10.0,8.0,80.0,2.0,20.0,2.0,20.0,927.0,741.0,79.9,186.0,20.1,199.0,21.5,790.0,577.0,73.0,213.0,27.0,227.0,28.7,0.0,0.0,0.0,0.0,0.0,0.0,0.0,34.0,25.0,73.5,9.0,26.5,9.0,26.5
20112012.0,2670.0,HOLLY RE-3,1DISTRICT TOTALS (INCLUDING ALTERNATIVE SCHOOLS),291.0,240.0,82.5,51.0,17.5,55.0,18.9,126.0,95.0,75.4,31.0,24.6,33.0,26.2,165.0,145.0,87.9,20.0,12.1,22.0,13.3,4.0,4.0,100.0,0.0,0.0,0.0,0.0,1.0,0.0,0.0,1.0,100.0,1.0,100.0,0.0,0.0,0.0,0.0,0.0,0.0,0.0,141.0,119.0,84.4,22.0,15.6,23.0,16.3,143.0,115.0,80.4,28.0,19.6,31.0,21.7,0.0,0.0,0.0,0.0,0.0,0.0,0.0,2.0,2.0,100.0,0.0,0.0,0.0,0.0
20112012.0,2680.0,WILEY RE-13 JT,1DISTRICT TOTALS (INCLUDING ALTERNATIVE SCHOOLS),256.0,181.0,70.7,75.0,29.3,75.0,29.3,132.0,100.0,75.8,32.0,24.2,32.0,24.2,124.0,81.0,65.3,43.0,34.7,43.0,34.7,2.0,1.0,50.0,1.0,50.0,1.0,50.0,0.0,0.0,0.0,0.0,0.0,0.0,0.0,3.0,3.0,100.0,0.0,0.0,0.0,0.0,74.0,47.0,63.5,27.0,36.5,27.0,36.5,173.0,130.0,75.1,43.0,24.9,43.0,24.9,0.0,0.0,0.0,0.0,0.0,0.0,0.0,4.0,0.0,0.0,4.0,100.0,4.0,100.0
20112012.0,2690.0,PUEBLO CITY 60,1DISTRICT TOTALS (INCLUDING ALTERNATIVE SCHOOLS),19216.0,14879.0,77.4,4288.0,22.3,4939.0,25.7,9344.0,7232.0,77.4,2087.0,22.3,2395.0,25.6,9872.0,7647.0,77.5,2201.0,22.3,2544.0,25.8,133.0,89.0,66.9,41.0,30.8,47.0,35.3,122.0,94.0,77.0,28.0,23.0,29.0,23.8,465.0,313.0,67.3,151.0,32.5,170.0,36.6,12672.0,10104.0,79.7,2541.0,20.1,2990.0,23.6,5578.0,4118.0,73.8,1444.0,25.9,1610.0,28.9,30.0,25.0,83.3,5.0,16.7,5.0,16.7,216.0,136.0,63.0,78.0,36.1,88.0,40.7
20112012.0,2700.0,PUEBLO COUNTY 70,1DISTRICT TOTALS (INCLUDING ALTERNATIVE SCHOOLS),9920.0,7336.0,74.0,2565.0,25.9,2763.0,27.9,4826.0,3562.0,73.8,1254.0,26.0,1339.0,27.7,5094.0,3774.0,74.1,1311.0,25.7,1424.0,28.0,71.0,59.0,83.1,12.0,16.9,13.0,18.3,71.0,45.0,63.4,26.0,36.6,27.0,38.0,136.0,83.0,61.0,53.0,39.0,56.0,41.2,3181.0,2305.0,72.5,866.0,27.2,939.0,29.5,6291.0,4734.0,75.3,1548.0,24.6,1666.0,26.5,5.0,2.0,40.0,3.0,60.0,3.0,60.0,165.0,108.0,65.5,57.0,34.5,59.0,35.8
20112012.0,2710.0,MEEKER RE1,1DISTRICT TOTALS (INCLUDING ALTERNATIVE SCHOOLS),735.0,541.0,73.6,194.0,26.4,196.0,26.7,364.0,258.0,70.9,106.0,29.1,108.0,29.7,371.0,283.0,76.3,88.0,23.7,88.0,23.7,6.0,3.0,50.0,3.0,50.0,3.0,50.0,3.0,2.0,66.7,1.0,33.3,1.0,33.3,3.0,2.0,66.7,1.0,33.3,1.0,33.3,106.0,81.0,76.4,25.0,23.6,25.0,23.6,607.0,446.0,73.5,161.0,26.5,163.0,26.9,5.0,5.0,100.0,0.0,0.0,0.0,0.0,5.0,2.0,40.0,3.0,60.0,3.0,60.0
20112012.0,2720.0,RANGELY RE-4,1DISTRICT TOTALS (INCLUDING ALTERNATIVE SCHOOLS),531.0,394.0,74.2,137.0,25.8,146.0,27.5,262.0,193.0,73.7,69.0,26.3,72.0,27.5,269.0,201.0,74.7,68.0,25.3,74.0,27.5,3.0,3.0,100.0,0.0,0.0,0.0,0.0,1.0,1.0,100.0,0.0,0.0,0.0,0.0,4.0,3.0,75.0,1.0,25.0,1.0,25.0,65.0,43.0,66.2,22.0,33.8,23.0,35.4,454.0,342.0,75.3,112.0,24.7,120.0,26.4,1.0,1.0,100.0,0.0,0.0,0.0,0.0,3.0,1.0,33.3,2.0,66.7,2.0,66.7
20112012.0,2730.0,DEL NORTE C-7,1DISTRICT TOTALS (INCLUDING ALTERNATIVE SCHOOLS),635.0,441.0,69.4,193.0,30.4,203.0,32.0,314.0,219.0,69.7,95.0,30.3,100.0,31.8,321.0,222.0,69.2,98.0,30.5,103.0,32.1,6.0,3.0,50.0,3.0,50.0,3.0,50.0,1.0,0.0,0.0,1.0,100.0,2.0,200.0,5.0,1.0,20.0,4.0,80.0,4.0,80.0,329.0,238.0,72.3,91.0,27.7,97.0,29.5,292.0,198.0,67.8,93.0,31.8,96.0,32.9,0.0,0.0,0.0,0.0,0.0,0.0,0.0,2.0,1.0,50.0,1.0,50.0,1.0,50.0
20112012.0,2740.0,MONTE VISTA C-8,1DISTRICT TOTALS (INCLUDING ALTERNATIVE SCHOOLS),1338.0,954.0,71.3,381.0,28.5,402.0,30.0,649.0,454.0,70.0,193.0,29.7,205.0,31.6,689.0,500.0,72.6,188.0,27.3,197.0,28.6,17.0,14.0,82.4,3.0,17.6,4.0,23.5,5.0,1.0,20.0,4.0,80.0,4.0,80.0,7.0,4.0,57.1,3.0,42.9,3.0,42.9,927.0,692.0,74.6,232.0,25.0,250.0,27.0,370.0,234.0,63.2,136.0,36.8,138.0,37.3,1.0,1.0,100.0,0.0,0.0,0.0,0.0,11.0,8.0,72.7,3.0,27.3,3.0,27.3
20112012.0,2750.0,SARGENT RE-33J,1DISTRICT TOTALS (INCLUDING ALTERNATIVE SCHOOLS),490.0,399.0,81.4,91.0,18.6,91.0,18.6,248.0,201.0,81.0,47.0,19.0,47.0,19.0,242.0,198.0,81.8,44.0,18.2,44.0,18.2,1.0,1.0,100.0,0.0,0.0,0.0,0.0,6.0,3.0,50.0,3.0,50.0,3.0,50.0,1.0,1.0,100.0,0.0,0.0,0.0,0.0,144.0,121.0,84.0,23.0,16.0,23.0,16.0,331.0,267.0,80.7,64.0,19.3,64.0,19.3,2.0,1.0,50.0,1.0,50.0,1.0,50.0,5.0,5.0,100.0,0.0,0.0,0.0,0.0
20112012.0,2760.0,HAYDEN RE-1,1DISTRICT TOTALS (INCLUDING ALTERNATIVE SCHOOLS),423.0,307.0,72.6,116.0,27.4,118.0,27.9,186.0,134.0,72.0,52.0,28.0,54.0,29.0,237.0,173.0,73.0,64.0,27.0,64.0,27.0,4.0,4.0,100.0,0.0,0.0,0.0,0.0,6.0,5.0,83.3,1.0,16.7,1.0,16.7,4.0,3.0,75.0,1.0,25.0,1.0,25.0,48.0,37.0,77.1,11.0,22.9,11.0,22.9,361.0,258.0,71.5,103.0,28.5,105.0,29.1,0.0,0.0,0.0,0.0,0.0,0.0,0.0,0.0,0.0,0.0,0.0,0.0,0.0,0.0
20112012.0,2770.0,STEAMBOAT SPRINGS RE-2,1DISTRICT TOTALS (INCLUDING ALTERNATIVE SCHOOLS),2485.0,1995.0,80.3,491.0,19.8,520.0,20.9,1195.0,973.0,81.4,222.0,18.6,234.0,19.6,1290.0,1022.0,79.2,269.0,20.9,286.0,22.2,6.0,5.0,83.3,1.0,16.7,1.0,16.7,39.0,26.0,66.7,13.0,33.3,13.0,33.3,9.0,6.0,66.7,3.0,33.3,3.0,33.3,237.0,175.0,73.8,62.0,26.2,65.0,27.4,2146.0,1741.0,81.1,406.0,18.9,431.0,20.1,11.0,10.0,90.9,1.0,9.1,1.0,9.1,37.0,32.0,86.5,5.0,13.5,6.0,16.2
20112012.0,2780.0,SOUTH ROUTT RE 3,1DISTRICT TOTALS (INCLUDING ALTERNATIVE SCHOOLS),438.0,311.0,71.0,127.0,29.0,133.0,30.4,220.0,159.0,72.3,61.0,27.7,65.0,29.5,218.0,152.0,69.7,66.0,30.3,68.0,31.2,1.0,0.0,0.0,1.0,100.0,1.0,100.0,5.0,3.0,60.0,2.0,40.0,2.0,40.0,1.0,0.0,0.0,1.0,100.0,1.0,100.0,38.0,24.0,63.2,14.0,36.8,14.0,36.8,393.0,284.0,72.3,109.0,27.7,115.0,29.3,0.0,0.0,0.0,0.0,0.0,0.0,0.0,0.0,0.0,0.0,0.0,0.0,0.0,0.0
20112012.0,2790.0,MOUNTAIN VALLEY RE 1,1DISTRICT TOTALS (INCLUDING ALTERNATIVE SCHOOLS),134.0,80.0,59.7,54.0,40.3,60.0,44.8,76.0,46.0,60.5,30.0,39.5,34.0,44.7,58.0,34.0,58.6,24.0,41.4,26.0,44.8,2.0,0.0,0.0,2.0,100.0,2.0,100.0,0.0,0.0,0.0,0.0,0.0,0.0,0.0,0.0,0.0,0.0,0.0,0.0,0.0,0.0,33.0,25.0,75.8,8.0,24.2,10.0,30.3,96.0,55.0,57.3,41.0,42.7,45.0,46.9,0.0,0.0,0.0,0.0,0.0,0.0,0.0,3.0,0.0,0.0,3.0,100.0,3.0,100.0
20112012.0,2800.0,MOFFAT 2,1DISTRICT TOTALS (INCLUDING ALTERNATIVE SCHOOLS),231.0,154.0,66.7,77.0,33.3,80.0,34.6,109.0,75.0,68.8,34.0,31.2,35.0,32.1,122.0,79.0,64.8,43.0,35.2,45.0,36.9,6.0,6.0,100.0,0.0,0.0,0.0,0.0,2.0,1.0,50.0,1.0,50.0,2.0,100.0,3.0,1.0,33.3,2.0,66.7,2.0,66.7,12.0,11.0,91.7,1.0,8.3,1.0,8.3,204.0,132.0,64.7,72.0,35.3,74.0,36.3,2.0,2.0,100.0,0.0,0.0,0.0,0.0,2.0,1.0,50.0,1.0,50.0,1.0,50.0
20112012.0,2810.0,CENTER 26 JT,1DISTRICT TOTALS (INCLUDING ALTERNATIVE SCHOOLS),662.0,463.0,69.9,199.0,30.1,216.0,32.6,328.0,233.0,71.0,95.0,29.0,103.0,31.4,334.0,230.0,68.9,104.0,31.1,113.0,33.8,12.0,9.0,75.0,3.0,25.0,3.0,25.0,0.0,0.0,0.0,0.0,0.0,0.0,0.0,1.0,1.0,100.0,0.0,0.0,0.0,0.0,597.0,433.0,72.5,164.0,27.5,180.0,30.2,47.0,19.0,40.4,28.0,59.6,29.0,61.7,0.0,0.0,0.0,0.0,0.0,0.0,0.0,5.0,1.0,20.0,4.0,80.0,4.0,80.0
20112012.0,2820.0,SILVERTON 1,1DISTRICT TOTALS (INCLUDING ALTERNATIVE SCHOOLS),84.0,45.0,53.6,39.0,46.4,40.0,47.6,32.0,15.0,46.9,17.0,53.1,18.0,56.3,52.0,30.0,57.7,22.0,42.3,22.0,42.3,0.0,0.0,0.0,0.0,0.0,0.0,0.0,0.0,0.0,0.0,0.0,0.0,0.0,0.0,0.0,0.0,0.0,0.0,0.0,0.0,0.0,25.0,11.0,44.0,14.0,56.0,15.0,60.0,59.0,34.0,57.6,25.0,42.4,25.0,42.4,0.0,0.0,0.0,0.0,0.0,0.0,0.0,0.0,0.0,0.0,0.0,0.0,0.0,0.0
20112012.0,2830.0,TELLURIDE R-1,1DISTRICT TOTALS (INCLUDING ALTERNATIVE SCHOOLS),788.0,637.0,80.8,151.0,19.2,153.0,19.4,403.0,327.0,81.1,76.0,18.9,76.0,18.9,385.0,310.0,80.5,75.0,19.5,77.0,20.0,2.0,1.0,50.0,1.0,50.0,1.0,50.0,12.0,9.0,75.0,3.0,25.0,3.0,25.0,1.0,1.0,100.0,0.0,0.0,0.0,0.0,132.0,94.0,71.2,38.0,28.8,38.0,28.8,635.0,526.0,82.8,109.0,17.2,111.0,17.5,1.0,1.0,100.0,0.0,0.0,0.0,0.0,5.0,5.0,100.0,0.0,0.0,0.0,0.0
20112012.0,2840.0,NORWOOD R-2J,1DISTRICT TOTALS (INCLUDING ALTERNATIVE SCHOOLS),277.0,218.0,78.7,59.0,21.3,64.0,23.1,147.0,109.0,74.1,38.0,25.9,41.0,27.9,130.0,109.0,83.8,21.0,16.2,23.0,17.7,2.0,2.0,100.0,0.0,0.0,0.0,0.0,2.0,0.0,0.0,2.0,100.0,2.0,100.0,2.0,2.0,100.0,0.0,0.0,0.0,0.0,30.0,19.0,63.3,11.0,36.7,11.0,36.7,239.0,194.0,81.2,45.0,18.8,50.0,20.9,0.0,0.0,0.0,0.0,0.0,0.0,0.0,2.0,1.0,50.0,1.0,50.0,1.0,50.0
20112012.0,2862.0,JULESBURG RE-1,1DISTRICT TOTALS (INCLUDING ALTERNATIVE SCHOOLS),1514.0,361.0,23.8,1149.0,75.9,1168.0,77.1,923.0,202.0,21.9,717.0,77.7,730.0,79.1,591.0,159.0,26.9,432.0,73.1,438.0,74.1,17.0,5.0,29.4,12.0,70.6,12.0,70.6,12.0,0.0,0.0,12.0,100.0,12.0,100.0,58.0,6.0,10.3,52.0,89.7,52.0,89.7,311.0,83.0,26.7,228.0,73.3,229.0,73.6,1087.0,262.0,24.1,821.0,75.5,838.0,77.1,20.0,1.0,5.0,19.0,95.0,20.0,100.0,9.0,4.0,44.4,5.0,55.6,5.0,55.6
20112012.0,2865.0,PLATTE VALLEY RE-3,1DISTRICT TOTALS (INCLUDING ALTERNATIVE SCHOOLS),141.0,106.0,75.2,35.0,24.8,35.0,24.8,68.0,44.0,64.7,24.0,35.3,24.0,35.3,73.0,62.0,84.9,11.0,15.1,11.0,15.1,3.0,2.0,66.7,1.0,33.3,1.0,33.3,2.0,0.0,0.0,2.0,100.0,2.0,100.0,2.0,1.0,50.0,1.0,50.0,1.0,50.0,19.0,15.0,78.9,4.0,21.1,4.0,21.1,115.0,88.0,76.5,27.0,23.5,27.0,23.5,0.0,0.0,0.0,0.0,0.0,0.0,0.0,0.0,0.0,0.0,0.0,0.0,0.0,0.0
20112012.0,3000.0,SUMMIT RE-1,1DISTRICT TOTALS (INCLUDING ALTERNATIVE SCHOOLS),3361.0,2614.0,77.8,746.0,22.2,782.0,23.3,1618.0,1269.0,78.4,349.0,21.6,368.0,22.7,1743.0,1345.0,77.2,397.0,22.8,414.0,23.8,13.0,8.0,61.5,5.0,38.5,5.0,38.5,39.0,26.0,66.7,13.0,33.3,14.0,35.9,17.0,9.0,52.9,8.0,47.1,9.0,52.9,964.0,789.0,81.8,174.0,18.0,189.0,19.6,2240.0,1714.0,76.5,526.0,23.5,544.0,24.3,2.0,2.0,100.0,0.0,0.0,0.0,0.0,86.0,66.0,76.7,20.0,23.3,21.0,24.4
20112012.0,3010.0,CRIPPLE CREEK-VICTOR RE-1,1DISTRICT TOTALS (INCLUDING ALTERNATIVE SCHOOLS),483.0,268.0,55.5,215.0,44.5,236.0,48.9,219.0,123.0,56.2,96.0,43.8,107.0,48.9,264.0,145.0,54.9,119.0,45.1,129.0,48.9,4.0,2.0,50.0,2.0,50.0,2.0,50.0,4.0,3.0,75.0,1.0,25.0,1.0,25.0,8.0,4.0,50.0,4.0,50.0,4.0,50.0,46.0,23.0,50.0,23.0,50.0,24.0,52.2,411.0,232.0,56.4,179.0,43.6,199.0,48.4,8.0,4.0,50.0,4.0,50.0,4.0,50.0,2.0,0.0,0.0,2.0,100.0,2.0,100.0
20112012.0,3020.0,WOODLAND PARK RE-2,1DISTRICT TOTALS (INCLUDING ALTERNATIVE SCHOOLS),3088.0,2192.0,71.0,895.0,29.0,934.0,30.2,1428.0,1019.0,71.4,409.0,28.6,432.0,30.3,1660.0,1173.0,70.7,486.0,29.3,502.0,30.2,17.0,9.0,52.9,8.0,47.1,8.0,47.1,20.0,13.0,65.0,7.0,35.0,8.0,40.0,10.0,8.0,80.0,2.0,20.0,2.0,20.0,238.0,165.0,69.3,73.0,30.7,76.0,31.9,2677.0,1913.0,71.5,763.0,28.5,796.0,29.7,4.0,4.0,100.0,0.0,0.0,0.0,0.0,122.0,80.0,65.6,42.0,34.4,44.0,36.1
20112012.0,3030.0,AKRON R-1,1DISTRICT TOTALS (INCLUDING ALTERNATIVE SCHOOLS),386.0,309.0,80.1,72.0,18.7,77.0,19.9,193.0,153.0,79.3,37.0,19.2,40.0,20.7,193.0,156.0,80.8,35.0,18.1,37.0,19.2,0.0,0.0,0.0,0.0,0.0,0.0,0.0,3.0,1.0,33.3,2.0,66.7,2.0,66.7,0.0,0.0,0.0,0.0,0.0,0.0,0.0,51.0,44.0,86.3,7.0,13.7,7.0,13.7,324.0,256.0,79.0,63.0,19.4,68.0,21.0,0.0,0.0,0.0,0.0,0.0,0.0,0.0,8.0,8.0,100.0,0.0,0.0,0.0,0.0
20112012.0,3040.0,ARICKAREE R-2,1DISTRICT TOTALS (INCLUDING ALTERNATIVE SCHOOLS),112.0,86.0,76.8,26.0,23.2,26.0,23.2,49.0,32.0,65.3,17.0,34.7,17.0,34.7,63.0,54.0,85.7,9.0,14.3,9.0,14.3,0.0,0.0,0.0,0.0,0.0,0.0,0.0,1.0,1.0,100.0,0.0,0.0,0.0,0.0,0.0,0.0,0.0,0.0,0.0,0.0,0.0,27.0,8.0,29.6,19.0,70.4,19.0,70.4,84.0,77.0,91.7,7.0,8.3,7.0,8.3,0.0,0.0,0.0,0.0,0.0,0.0,0.0,0.0,0.0,0.0,0.0,0.0,0.0,0.0
20112012.0,3050.0,OTIS R-3,1DISTRICT TOTALS (INCLUDING ALTERNATIVE SCHOOLS),203.0,159.0,78.3,44.0,21.7,47.0,23.2,100.0,72.0,72.0,28.0,28.0,31.0,31.0,103.0,87.0,84.5,16.0,15.5,16.0,15.5,1.0,1.0,100.0,0.0,0.0,0.0,0.0,0.0,0.0,0.0,0.0,0.0,0.0,0.0,1.0,1.0,100.0,0.0,0.0,0.0,0.0,21.0,12.0,57.1,9.0,42.9,9.0,42.9,176.0,141.0,80.1,35.0,19.9,38.0,21.6,0.0,0.0,0.0,0.0,0.0,0.0,0.0,4.0,4.0,100.0,0.0,0.0,0.0,0.0
20112012.0,3060.0,LONE STAR 101,1DISTRICT TOTALS (INCLUDING ALTERNATIVE SCHOOLS),126.0,94.0,74.6,32.0,25.4,32.0,25.4,64.0,48.0,75.0,16.0,25.0,16.0,25.0,62.0,46.0,74.2,16.0,25.8,16.0,25.8,0.0,0.0,0.0,0.0,0.0,0.0,0.0,0.0,0.0,0.0,0.0,0.0,0.0,0.0,0.0,0.0,0.0,0.0,0.0,0.0,0.0,9.0,4.0,44.4,5.0,55.6,5.0,55.6,117.0,90.0,76.9,27.0,23.1,27.0,23.1,0.0,0.0,0.0,0.0,0.0,0.0,0.0,0.0,0.0,0.0,0.0,0.0,0.0,0.0
20112012.0,3070.0,WOODLIN R-104,1DISTRICT TOTALS (INCLUDING ALTERNATIVE SCHOOLS),116.0,75.0,64.7,41.0,35.3,42.0,36.2,71.0,44.0,62.0,27.0,38.0,28.0,39.4,45.0,31.0,68.9,14.0,31.1,14.0,31.1,0.0,0.0,0.0,0.0,0.0,0.0,0.0,0.0,0.0,0.0,0.0,0.0,0.0,0.0,1.0,1.0,100.0,0.0,0.0,0.0,0.0,12.0,10.0,83.3,2.0,16.7,2.0,16.7,103.0,64.0,62.1,39.0,37.9,40.0,38.8,0.0,0.0,0.0,0.0,0.0,0.0,0.0,0.0,0.0,0.0,0.0,0.0,0.0,0.0
20112012.0,3080.0,WELD COUNTY RE-1,1DISTRICT TOTALS (INCLUDING ALTERNATIVE SCHOOLS),2094.0,1517.0,72.4,574.0,27.4,598.0,28.6,1005.0,723.0,71.9,280.0,27.9,292.0,29.1,1089.0,794.0,72.9,294.0,27.0,306.0,28.1,22.0,12.0,54.5,10.0,45.5,11.0,50.0,8.0,5.0,62.5,3.0,37.5,3.0,37.5,9.0,7.0,77.8,2.0,22.2,2.0,22.2,1099.0,818.0,74.4,278.0,25.3,297.0,27.0,941.0,662.0,70.4,279.0,29.6,283.0,30.1,1.0,1.0,100.0,0.0,0.0,0.0,0.0,14.0,12.0,85.7,2.0,14.3,2.0,14.3
20112012.0,3085.0,EATON RE-2,1DISTRICT TOTALS (INCLUDING ALTERNATIVE SCHOOLS),1985.0,1533.0,77.2,451.0,22.7,472.0,23.8,961.0,738.0,76.8,222.0,23.1,232.0,24.1,1024.0,795.0,77.6,229.0,22.4,240.0,23.4,10.0,8.0,80.0,2.0,20.0,2.0,20.0,11.0,6.0,54.5,5.0,45.5,5.0,45.5,13.0,12.0,92.3,1.0,7.7,1.0,7.7,449.0,314.0,69.9,134.0,29.8,148.0,33.0,1479.0,1176.0,79.5,303.0,20.5,310.0,21.0,0.0,0.0,0.0,0.0,0.0,0.0,0.0,23.0,17.0,73.9,6.0,26.1,6.0,26.1
20112012.0,3090.0,KEENESBURG RE-3(J),1DISTRICT TOTALS (INCLUDING ALTERNATIVE SCHOOLS),2497.0,1833.0,73.4,662.0,26.5,698.0,28.0,1202.0,903.0,75.1,297.0,24.7,313.0,26.0,1295.0,930.0,71.8,365.0,28.2,385.0,29.7,12.0,10.0,83.3,2.0,16.7,2.0,16.7,15.0,9.0,60.0,6.0,40.0,7.0,46.7,14.0,9.0,64.3,5.0,35.7,6.0,42.9,886.0,641.0,72.3,244.0,27.5,258.0,29.1,1501.0,1118.0,74.5,382.0,25.4,399.0,26.6,4.0,3.0,75.0,1.0,25.0,1.0,25.0,65.0,43.0,66.2,22.0,33.8,25.0,38.5
20112012.0,3100.0,WINDSOR RE-4,1DISTRICT TOTALS (INCLUDING ALTERNATIVE SCHOOLS),4957.0,3878.0,78.2,1072.0,21.6,1116.0,22.5,2386.0,1871.0,78.4,511.0,21.4,535.0,22.4,2571.0,2007.0,78.1,561.0,21.8,581.0,22.6,24.0,19.0,79.2,5.0,20.8,5.0,20.8,56.0,42.0,75.0,14.0,25.0,14.0,25.0,19.0,12.0,63.2,7.0,36.8,7.0,36.8,696.0,516.0,74.1,179.0,25.7,188.0,27.0,4024.0,3179.0,79.0,839.0,20.8,872.0,21.7,5.0,5.0,100.0,0.0,0.0,0.0,0.0,133.0,105.0,78.9,28.0,21.1,30.0,22.6
20112012.0,3110.0,JOHNSTOWN-MILLIKEN RE-5J,1DISTRICT TOTALS (INCLUDING ALTERNATIVE SCHOOLS),3602.0,2742.0,76.1,858.0,23.8,892.0,24.8,1721.0,1306.0,75.9,413.0,24.0,429.0,24.9,1881.0,1436.0,76.3,445.0,23.7,463.0,24.6,11.0,8.0,72.7,3.0,27.3,3.0,27.3,29.0,19.0,65.5,10.0,34.5,10.0,34.5,21.0,14.0,66.7,7.0,33.3,8.0,38.1,1052.0,849.0,80.7,203.0,19.3,217.0,20.6,2443.0,1817.0,74.4,624.0,25.5,643.0,26.3,1.0,1.0,100.0,0.0,0.0,0.0,0.0,45.0,34.0,75.6,11.0,24.4,11.0,24.4
20112012.0,3120.0,GREELEY 6,1DISTRICT TOTALS (INCLUDING ALTERNATIVE SCHOOLS),21971.0,16903.0,76.9,4982.0,22.7,5624.0,25.6,10769.0,8328.0,77.3,2389.0,22.2,2708.0,25.1,11202.0,8575.0,76.5,2593.0,23.1,2916.0,26.0,80.0,51.0,63.8,29.0,36.3,31.0,38.8,403.0,252.0,62.5,150.0,37.2,158.0,39.2,439.0,266.0,60.6,170.0,38.7,184.0,41.9,12480.0,9881.0,79.2,2545.0,20.4,2960.0,23.7,8233.0,6217.0,75.5,1992.0,24.2,2184.0,26.5,43.0,25.0,58.1,18.0,41.9,20.0,46.5,293.0,211.0,72.0,78.0,26.6,87.0,29.7
20112012.0,3130.0,PLATTE VALLEY RE-7,1DISTRICT TOTALS (INCLUDING ALTERNATIVE SCHOOLS),1212.0,960.0,79.2,252.0,20.8,259.0,21.4,584.0,464.0,79.5,120.0,20.5,123.0,21.1,628.0,496.0,79.0,132.0,21.0,136.0,21.7,1.0,0.0,0.0,1.0,100.0,1.0,100.0,1.0,1.0,100.0,0.0,0.0,0.0,0.0,3.0,2.0,66.7,1.0,33.3,1.0,33.3,365.0,261.0,71.5,104.0,28.5,105.0,28.8,839.0,695.0,82.8,144.0,17.2,150.0,17.9,0.0,0.0,0.0,0.0,0.0,0.0,0.0,3.0,1.0,33.3,2.0,66.7,2.0,66.7
20112012.0,3140.0,WELD COUNTY S/D RE-8,1DISTRICT TOTALS (INCLUDING ALTERNATIVE SCHOOLS),2609.0,1976.0,75.7,631.0,24.2,677.0,25.9,1268.0,963.0,75.9,303.0,23.9,327.0,25.8,1341.0,1013.0,75.5,328.0,24.5,350.0,26.1,13.0,8.0,61.5,5.0,38.5,5.0,38.5,17.0,9.0,52.9,8.0,47.1,8.0,47.1,16.0,7.0,43.8,9.0,56.3,10.0,62.5,1793.0,1395.0,77.8,397.0,22.1,432.0,24.1,739.0,536.0,72.5,202.0,27.3,212.0,28.7,5.0,4.0,80.0,1.0,20.0,1.0,20.0,26.0,17.0,65.4,9.0,34.6,9.0,34.6
20112012.0,3145.0,AULT-HIGHLAND RE-9,1DISTRICT TOTALS (INCLUDING ALTERNATIVE SCHOOLS),950.0,659.0,69.4,290.0,30.5,314.0,33.1,480.0,328.0,68.3,152.0,31.7,164.0,34.2,470.0,331.0,70.4,138.0,29.4,150.0,31.9,4.0,4.0,100.0,0.0,0.0,0.0,0.0,4.0,3.0,75.0,1.0,25.0,1.0,25.0,2.0,1.0,50.0,1.0,50.0,1.0,50.0,337.0,227.0,67.4,109.0,32.3,120.0,35.6,581.0,409.0,70.4,172.0,29.6,183.0,31.5,0.0,0.0,0.0,0.0,0.0,0.0,0.0,22.0,15.0,68.2,7.0,31.8,9.0,40.9
20112012.0,3146.0,BRIGGSDALE RE-10,1DISTRICT TOTALS (INCLUDING ALTERNATIVE SCHOOLS),169.0,130.0,76.9,39.0,23.1,39.0,23.1,97.0,73.0,75.3,24.0,24.7,24.0,24.7,72.0,57.0,79.2,15.0,20.8,15.0,20.8,1.0,0.0,0.0,1.0,100.0,1.0,100.0,9.0,6.0,66.7,3.0,33.3,3.0,33.3,0.0,0.0,0.0,0.0,0.0,0.0,0.0,13.0,9.0,69.2,4.0,30.8,4.0,30.8,145.0,114.0,78.6,31.0,21.4,31.0,21.4,0.0,0.0,0.0,0.0,0.0,0.0,0.0,1.0,1.0,100.0,0.0,0.0,0.0,0.0
20112012.0,3147.0,PRAIRIE RE-11,1DISTRICT TOTALS (INCLUDING ALTERNATIVE SCHOOLS),185.0,142.0,76.8,43.0,23.2,44.0,23.8,94.0,71.0,75.5,23.0,24.5,23.0,24.5,91.0,71.0,78.0,20.0,22.0,21.0,23.1,0.0,0.0,0.0,0.0,0.0,0.0,0.0,0.0,0.0,0.0,0.0,0.0,0.0,0.0,5.0,5.0,100.0,0.0,0.0,0.0,0.0,25.0,11.0,44.0,14.0,56.0,14.0,56.0,153.0,124.0,81.0,29.0,19.0,30.0,19.6,0.0,0.0,0.0,0.0,0.0,0.0,0.0,2.0,2.0,100.0,0.0,0.0,0.0,0.0
20112012.0,3148.0,PAWNEE RE-12,1DISTRICT TOTALS (INCLUDING ALTERNATIVE SCHOOLS),96.0,70.0,72.9,26.0,27.1,27.0,28.1,45.0,31.0,68.9,14.0,31.1,14.0,31.1,51.0,39.0,76.5,12.0,23.5,13.0,25.5,0.0,0.0,0.0,0.0,0.0,0.0,0.0,0.0,0.0,0.0,0.0,0.0,0.0,0.0,0.0,0.0,0.0,0.0,0.0,0.0,0.0,3.0,2.0,66.7,1.0,33.3,1.0,33.3,93.0,68.0,73.1,25.0,26.9,26.0,28.0,0.0,0.0,0.0,0.0,0.0,0.0,0.0,0.0,0.0,0.0,0.0,0.0,0.0,0.0
20112012.0,3200.0,YUMA 1,1DISTRICT TOTALS (INCLUDING ALTERNATIVE SCHOOLS),916.0,686.0,74.9,230.0,25.1,265.0,28.9,471.0,349.0,74.1,122.0,25.9,146.0,31.0,445.0,337.0,75.7,108.0,24.3,119.0,26.7,2.0,1.0,50.0,1.0,50.0,1.0,50.0,2.0,2.0,100.0,0.0,0.0,0.0,0.0,1.0,0.0,0.0,1.0,100.0,2.0,200.0,456.0,338.0,74.1,118.0,25.9,149.0,32.7,445.0,339.0,76.2,106.0,23.8,108.0,24.3,0.0,0.0,0.0,0.0,0.0,0.0,0.0,10.0,6.0,60.0,4.0,40.0,5.0,50.0
20112012.0,3210.0,WRAY RD-2,1DISTRICT TOTALS (INCLUDING ALTERNATIVE SCHOOLS),762.0,587.0,77.0,175.0,23.0,184.0,24.1,377.0,294.0,78.0,83.0,22.0,86.0,22.8,385.0,293.0,76.1,92.0,23.9,98.0,25.5,3.0,2.0,66.7,1.0,33.3,1.0,33.3,1.0,1.0,100.0,0.0,0.0,0.0,0.0,4.0,2.0,50.0,2.0,50.0,2.0,50.0,182.0,138.0,75.8,44.0,24.2,49.0,26.9,557.0,437.0,78.5,120.0,21.5,124.0,22.3,1.0,1.0,100.0,0.0,0.0,0.0,0.0,14.0,6.0,42.9,8.0,57.1,8.0,57.1
20112012.0,3220.0,IDALIA RJ-3,1DISTRICT TOTALS (INCLUDING ALTERNATIVE SCHOOLS),159.0,119.0,74.8,40.0,25.2,42.0,26.4,83.0,62.0,74.7,21.0,25.3,22.0,26.5,76.0,57.0,75.0,19.0,25.0,20.0,26.3,6.0,3.0,50.0,3.0,50.0,3.0,50.0,0.0,0.0,0.0,0.0,0.0,0.0,0.0,0.0,0.0,0.0,0.0,0.0,0.0,0.0,43.0,28.0,65.1,15.0,34.9,16.0,37.2,110.0,88.0,80.0,22.0,20.0,23.0,20.9,0.0,0.0,0.0,0.0,0.0,0.0,0.0,0.0,0.0,0.0,0.0,0.0,0.0,0.0
20112012.0,3230.0,LIBERTY J-4,1DISTRICT TOTALS (INCLUDING ALTERNATIVE SCHOOLS),96.0,66.0,68.8,30.0,31.3,31.0,32.3,43.0,35.0,81.4,8.0,18.6,8.0,18.6,53.0,31.0,58.5,22.0,41.5,23.0,43.4,0.0,0.0,0.0,0.0,0.0,0.0,0.0,0.0,0.0,0.0,0.0,0.0,0.0,0.0,0.0,0.0,0.0,0.0,0.0,0.0,0.0,10.0,7.0,70.0,3.0,30.0,3.0,30.0,82.0,58.0,70.7,24.0,29.3,25.0,30.5,0.0,0.0,0.0,0.0,0.0,0.0,0.0,4.0,1.0,25.0,3.0,75.0,3.0,75.0
20112012.0,8001.0,CHARTER SCHOOL INSTITUTE,1DISTRICT TOTALS (INCLUDING ALTERNATIVE SCHOOLS),12020.0,5323.0,44.3,6660.0,55.4,6800.0,56.6,6311.0,2808.0,44.5,3483.0,55.2,3570.0,56.6,5709.0,2515.0,44.1,3177.0,55.6,3230.0,56.6,120.0,40.0,33.3,79.0,65.8,83.0,69.2,297.0,184.0,62.0,113.0,38.0,114.0,38.4,697.0,327.0,46.9,368.0,52.8,377.0,54.1,4881.0,2057.0,42.1,2806.0,57.5,2875.0,58.9,5811.0,2610.0,44.9,3186.0,54.8,3240.0,55.8,27.0,13.0,48.1,14.0,51.9,15.0,55.6,187.0,92.0,49.2,94.0,50.3,96.0,51.3
20112012.0,9030.0,MOUNTAIN BOCES,1DISTRICT TOTALS (INCLUDING ALTERNATIVE SCHOOLS),184.0,76.0,41.3,113.0,61.4,116.0,63.0,103.0,37.0,35.9,66.0,64.1,67.0,65.0,81.0,39.0,48.1,47.0,58.0,49.0,60.5,1.0,1.0,100.0,0.0,0.0,0.0,0.0,0.0,0.0,0.0,0.0,0.0,0.0,0.0,2.0,1.0,50.0,1.0,50.0,1.0,50.0,72.0,23.0,31.9,50.0,69.4,50.0,69.4,109.0,51.0,46.8,62.0,56.9,65.0,59.6,0.0,0.0,0.0,0.0,0.0,0.0,0.0,0.0,0.0,0.0,0.0,0.0,0.0,0.0
20112012.0,9035.0,CENTENNIAL BOCES,1DISTRICT TOTALS (INCLUDING ALTERNATIVE SCHOOLS),146.0,0.0,0.0,146.0,100.0,146.0,100.0,64.0,0.0,0.0,64.0,100.0,64.0,100.0,82.0,0.0,0.0,82.0,100.0,82.0,100.0,2.0,0.0,0.0,2.0,100.0,2.0,100.0,0.0,0.0,0.0,0.0,0.0,0.0,0.0,1.0,0.0,0.0,1.0,100.0,1.0,100.0,81.0,0.0,0.0,81.0,100.0,81.0,100.0,62.0,0.0,0.0,62.0,100.0,62.0,100.0,0.0,0.0,0.0,0.0,0.0,0.0,0.0,0.0,0.0,0.0,0.0,0.0,0.0,0.0
20112012.0,9130.0,EXPEDITIONARY BOCES,1DISTRICT TOTALS (INCLUDING ALTERNATIVE SCHOOLS),402.0,302.0,75.1,100.0,24.9,101.0,25.1,184.0,141.0,76.6,43.0,23.4,44.0,23.9,218.0,161.0,73.9,57.0,26.1,57.0,26.1,2.0,2.0,100.0,0.0,0.0,0.0,0.0,16.0,11.0,68.8,5.0,31.3,5.0,31.3,18.0,9.0,50.0,9.0,50.0,9.0,50.0,43.0,31.0,72.1,12.0,27.9,12.0,27.9,297.0,233.0,78.5,64.0,21.5,65.0,21.9,0.0,0.0,0.0,0.0,0.0,0.0,0.0,26.0,16.0,61.5,10.0,38.5,10.0,38.5
20112012.0,9999.0,STATE TOTAL,1STATE TOTALS (INCLUDING ALTERNATIVE SCHOOLS),939283.0,705064.0,75.1,231706.0,24.7,253577.0,27.0,458512.0,344767.0,75.2,112568.0,24.6,122761.0,26.8,480771.0,360297.0,74.9,119138.0,24.8,130816.0,27.2,8356.0,5496.0,65.8,2820.0,33.7,3172.0,38.0,28964.0,22363.0,77.2,6568.0,22.7,7074.0,24.4,48049.0,31117.0,64.8,16622.0,34.6,18690.0,38.9,301035.0,219543.0,72.9,80495.0,26.7,90374.0,30.0,521342.0,403611.0,77.4,116715.0,22.4,124994.0,24.0,2208.0,1433.0,64.9,768.0,34.8,840.0,38.0,29329.0,21501.0,73.3,7718.0,26.3,8433.0,28.8
