school_year,org_code,organization_name,category,total_pupil_count_all_students,total_stable_pupil_count_all_students,total_stability_rate_all_students,total_mobile_student_count_all_students,total_student_mobility_rate_all_students,total_instances_of_mobility_all_students,total_mobility_incidence_rate_all_students,students_with_disabilities_pupil_count,students_with_disabilities_stable_student_count,students_with_disabilities_stability_rate,students_with_disabilities_mobile_student_count,students_with_disabilities_student_mobility_rate,students_with_disabilities_instances_of_mobility,students_with_disabilities_mobility_incidence_rate,english_language_learners_pupil_count,english_language_learners_stable_student_count,english_language_learners_stability_rate,english_language_learners_mobile_student_count,english_language_learners_student_mobility_rate,english_language_learners_instances_of_mobility,english_language_learners_mobility_incidence_rate,economically_disadvantaged_pupil_count,economically_disadvantaged_stable_student_count,economically_disadvantaged_stability_rate,economically_disadvantaged_mobile_student_count,economically_disadvantaged_student_mobility_rate,economically_disadvantaged_instances_of_mobility,economically_disadvantaged_mobility_incidence_rate,migrant_pupil_count,migrant_stable_student_count,migrant_stability_rate,migrant_mobile_student_count,migrant_student_mobility_rate,migrant_instances_of_mobility,migrant_mobility_incidence_rate,title_1_pupil_count,title_1_stable_student_count,title_1_pupil_stability_rate,title_1_mobile_student_count,title_1_student_mobility_rate,title_1_instances_of_mobility,title_1_mobility_incidence_rate,homeless_pupil_count,homeless_stable_student_count,homeless_stability_rate,homeless_mobile_student_count,homeless_student_mobility_rate,homeless_instances_of_mobility,homeless_mobility_incidence_rate,gifted_talented_pupil_count,gifted_talented_stable_student_count,gifted_talented_stability_rate,gifted_talented_mobile_student_count,gifted_talented_student_mobility_rate,gifted_talented_instances_of_mobility,gifted_talented_mobility_incidence_rate
20112012.0,9999.0,STATE TOTAL,1STATE TOTALS (INCLUDING ALTERNATIVE SCHOOLS),939283.0,705064.0,75.1,231706.0,24.7,253577.0,27.0,84121.0,65593.0,78.0,18348.0,21.8,20784.0,24.7,135712.0,101683.0,74.9,33730.0,24.9,37912.0,27.9,369904.0,273934.0,74.1,94138.0,25.4,107242.0,29.0,2732.0,1725.0,63.1,988.0,36.2,1108.0,40.6,223008.0,156814.0,70.3,64601.0,29.0,73472.0,32.9,21337.0,11326.0,53.1,9665.0,45.3,11558.0,54.2,73344.0,66620.0,90.8,6641.0,9.1,7366.0,10.0
20112012.0,10.0,MAPLETON 1,1DISTRICT TOTALS (INCLUDING ALTERNATIVE SCHOOLS),9037.0,5077.0,56.2,3919.0,43.4,4133.0,45.7,735.0,469.0,63.8,261.0,35.5,279.0,38.0,2863.0,1890.0,66.0,963.0,33.6,1045.0,36.5,2729.0,1948.0,71.4,772.0,28.3,837.0,30.7,32.0,18.0,56.3,14.0,43.8,15.0,46.9,4045.0,2717.0,67.2,1317.0,32.6,1365.0,33.7,214.0,142.0,66.4,70.0,32.7,79.0,36.9,250.0,205.0,82.0,44.0,17.6,47.0,18.8
20112012.0,20.0,ADAMS 12 FIVE STAR SCHOOLS,1DISTRICT TOTALS (INCLUDING ALTERNATIVE SCHOOLS),49889.0,34283.0,68.7,15424.0,30.9,16854.0,33.8,4339.0,3001.0,69.2,1325.0,30.5,1501.0,34.6,6141.0,4149.0,67.6,1969.0,32.1,2248.0,36.6,18560.0,12191.0,65.7,6267.0,33.8,7138.0,38.5,93.0,79.0,84.9,14.0,15.1,16.0,17.2,8571.0,5618.0,65.5,2873.0,33.5,3369.0,39.3,705.0,290.0,41.1,403.0,57.2,481.0,68.2,3590.0,3225.0,89.8,361.0,10.1,404.0,11.3
20112012.0,30.0,ADAMS COUNTY 14,1DISTRICT TOTALS (INCLUDING ALTERNATIVE SCHOOLS),8265.0,5510.0,66.7,3038.0,36.8,3397.0,41.1,876.0,636.0,72.6,266.0,30.4,311.0,35.5,3826.0,2795.0,73.1,1235.0,32.3,1405.0,36.7,6657.0,4745.0,71.3,1961.0,29.5,2244.0,33.7,54.0,41.0,75.9,14.0,25.9,16.0,29.6,5555.0,3989.0,71.8,1537.0,27.7,1782.0,32.1,886.0,433.0,48.9,440.0,49.7,529.0,59.7,377.0,317.0,84.1,75.0,19.9,89.0,23.6
20112012.0,40.0,BRIGHTON 27J,1DISTRICT TOTALS (INCLUDING ALTERNATIVE SCHOOLS),17152.0,13109.0,76.4,3982.0,23.2,4294.0,25.0,1405.0,1133.0,80.6,268.0,19.1,300.0,21.4,2404.0,1875.0,78.0,522.0,21.7,581.0,24.2,5986.0,4687.0,78.3,1275.0,21.3,1434.0,24.0,73.0,46.0,63.0,26.0,35.6,34.0,46.6,624.0,465.0,74.5,157.0,25.2,173.0,27.7,383.0,122.0,31.9,260.0,67.9,287.0,74.9,703.0,630.0,89.6,70.0,10.0,76.0,10.8
20112012.0,50.0,BENNETT 29J,1DISTRICT TOTALS (INCLUDING ALTERNATIVE SCHOOLS),1200.0,895.0,74.6,305.0,25.4,312.0,26.0,131.0,90.0,68.7,41.0,31.3,41.0,31.3,85.0,57.0,67.1,28.0,32.9,29.0,34.1,110.0,78.0,70.9,32.0,29.1,32.0,29.1,1.0,1.0,100.0,0.0,0.0,0.0,0.0,450.0,329.0,73.1,121.0,26.9,123.0,27.3,0.0,0.0,0.0,0.0,0.0,0.0,0.0,55.0,51.0,92.7,4.0,7.3,4.0,7.3
20112012.0,60.0,STRASBURG 31J,1DISTRICT TOTALS (INCLUDING ALTERNATIVE SCHOOLS),1052.0,828.0,78.7,224.0,21.3,227.0,21.6,128.0,102.0,79.7,26.0,20.3,26.0,20.3,40.0,29.0,72.5,11.0,27.5,11.0,27.5,240.0,188.0,78.3,52.0,21.7,54.0,22.5,0.0,0.0,0.0,0.0,0.0,0.0,0.0,42.0,33.0,78.6,9.0,21.4,9.0,21.4,0.0,0.0,0.0,0.0,0.0,0.0,0.0,42.0,42.0,100.0,0.0,0.0,0.0,0.0
20112012.0,70.0,WESTMINSTER 50,1DISTRICT TOTALS (INCLUDING ALTERNATIVE SCHOOLS),11951.0,7570.0,63.3,4330.0,36.2,4708.0,39.4,1234.0,832.0,67.4,401.0,32.5,438.0,35.5,5414.0,3744.0,69.2,1651.0,30.5,1810.0,33.4,9630.0,6183.0,64.2,3404.0,35.3,3728.0,38.7,61.0,47.0,77.0,14.0,23.0,16.0,26.2,4550.0,2856.0,62.8,1666.0,36.6,1834.0,40.3,1464.0,815.0,55.7,637.0,43.5,728.0,49.7,414.0,348.0,84.1,66.0,15.9,71.0,17.1
20112012.0,100.0,ALAMOSA RE-11J,1DISTRICT TOTALS (INCLUDING ALTERNATIVE SCHOOLS),2420.0,1641.0,67.8,771.0,31.9,833.0,34.4,207.0,152.0,73.4,54.0,26.1,57.0,27.5,345.0,243.0,70.4,101.0,29.3,116.0,33.6,1786.0,1188.0,66.5,592.0,33.1,640.0,35.8,77.0,42.0,54.5,34.0,44.2,40.0,51.9,1201.0,790.0,65.8,411.0,34.2,426.0,35.5,84.0,26.0,31.0,58.0,69.0,60.0,71.4,26.0,21.0,80.8,5.0,19.2,5.0,19.2
20112012.0,110.0,SANGRE DE CRISTO RE-22J,1DISTRICT TOTALS (INCLUDING ALTERNATIVE SCHOOLS),355.0,241.0,67.9,114.0,32.1,117.0,33.0,16.0,7.0,43.8,9.0,56.3,9.0,56.3,23.0,22.0,95.7,1.0,4.3,1.0,4.3,222.0,147.0,66.2,75.0,33.8,78.0,35.1,10.0,10.0,100.0,0.0,0.0,0.0,0.0,353.0,241.0,68.3,112.0,31.7,115.0,32.6,0.0,0.0,0.0,0.0,0.0,0.0,0.0,12.0,10.0,83.3,2.0,16.7,2.0,16.7
20112012.0,120.0,ENGLEWOOD 1,1DISTRICT TOTALS (INCLUDING ALTERNATIVE SCHOOLS),3496.0,2117.0,60.6,1364.0,39.0,1512.0,43.2,398.0,260.0,65.3,138.0,34.7,152.0,38.2,365.0,261.0,71.5,104.0,28.5,115.0,31.5,2056.0,1271.0,61.8,777.0,37.8,865.0,42.1,1.0,0.0,0.0,1.0,100.0,1.0,100.0,1577.0,1021.0,64.7,553.0,35.1,592.0,37.5,257.0,111.0,43.2,145.0,56.4,165.0,64.2,302.0,251.0,83.1,51.0,16.9,51.0,16.9
20112012.0,123.0,SHERIDAN 2,1DISTRICT TOTALS (INCLUDING ALTERNATIVE SCHOOLS),1848.0,1169.0,63.3,680.0,36.8,702.0,38.0,185.0,129.0,69.7,56.0,30.3,58.0,31.4,827.0,610.0,73.8,218.0,26.4,226.0,27.3,1448.0,1000.0,69.1,449.0,31.0,465.0,32.1,44.0,31.0,70.5,13.0,29.5,13.0,29.5,1226.0,783.0,63.9,444.0,36.2,459.0,37.4,117.0,64.0,54.7,53.0,45.3,57.0,48.7,54.0,44.0,81.5,10.0,18.5,10.0,18.5
20112012.0,130.0,CHERRY CREEK 5,1DISTRICT TOTALS (INCLUDING ALTERNATIVE SCHOOLS),56418.0,45451.0,80.6,10922.0,19.4,11301.0,20.0,5707.0,4845.0,84.9,860.0,15.1,901.0,15.8,5643.0,4657.0,82.5,979.0,17.3,1050.0,18.6,14337.0,11293.0,78.8,3023.0,21.1,3187.0,22.2,8.0,8.0,100.0,0.0,0.0,0.0,0.0,6058.0,4205.0,69.4,1831.0,30.2,1924.0,31.8,57.0,34.0,59.6,23.0,40.4,26.0,45.6,4231.0,4121.0,97.4,106.0,2.5,120.0,2.8
20112012.0,140.0,LITTLETON 6,1DISTRICT TOTALS (INCLUDING ALTERNATIVE SCHOOLS),16504.0,13418.0,81.3,3075.0,18.6,3203.0,19.4,1419.0,1148.0,80.9,268.0,18.9,292.0,20.6,1022.0,788.0,77.1,232.0,22.7,252.0,24.7,3696.0,2766.0,74.8,922.0,24.9,984.0,26.6,5.0,5.0,100.0,0.0,0.0,0.0,0.0,1365.0,1032.0,75.6,328.0,24.0,355.0,26.0,204.0,133.0,65.2,68.0,33.3,73.0,35.8,2618.0,2472.0,94.4,145.0,5.5,152.0,5.8
20112012.0,170.0,DEER TRAIL 26J,1DISTRICT TOTALS (INCLUDING ALTERNATIVE SCHOOLS),185.0,130.0,70.3,55.0,29.7,61.0,33.0,24.0,13.0,54.2,11.0,45.8,11.0,45.8,5.0,1.0,20.0,4.0,80.0,4.0,80.0,94.0,58.0,61.7,36.0,38.3,41.0,43.6,0.0,0.0,0.0,0.0,0.0,0.0,0.0,20.0,17.0,85.0,3.0,15.0,3.0,15.0,0.0,0.0,0.0,0.0,0.0,0.0,0.0,3.0,3.0,100.0,0.0,0.0,0.0,0.0
20112012.0,180.0,ADAMS-ARAPAHOE 28J,1DISTRICT TOTALS (INCLUDING ALTERNATIVE SCHOOLS),45673.0,31436.0,68.8,13911.0,30.5,15360.0,33.6,4043.0,3019.0,74.7,1002.0,24.8,1135.0,28.1,17490.0,12679.0,72.5,4685.0,26.8,5271.0,30.1,29784.0,21866.0,73.4,7656.0,25.7,8781.0,29.5,25.0,2.0,8.0,23.0,92.0,23.0,92.0,16745.0,11682.0,69.8,4877.0,29.1,5498.0,32.8,2297.0,1150.0,50.1,1073.0,46.7,1297.0,56.5,2435.0,2110.0,86.7,317.0,13.0,347.0,14.3
20112012.0,190.0,BYERS 32J,1DISTRICT TOTALS (INCLUDING ALTERNATIVE SCHOOLS),515.0,388.0,75.3,127.0,24.7,130.0,25.2,66.0,47.0,71.2,19.0,28.8,19.0,28.8,18.0,16.0,88.9,2.0,11.1,2.0,11.1,243.0,170.0,70.0,73.0,30.0,76.0,31.3,1.0,0.0,0.0,1.0,100.0,1.0,100.0,23.0,17.0,73.9,6.0,26.1,6.0,26.1,1.0,1.0,100.0,0.0,0.0,0.0,0.0,11.0,10.0,90.9,1.0,9.1,1.0,9.1
20112012.0,1350.0,EAST GRAND 2,1DISTRICT TOTALS (INCLUDING ALTERNATIVE SCHOOLS),1398.0,1080.0,77.3,315.0,22.5,335.0,24.0,139.0,109.0,78.4,30.0,21.6,31.0,22.3,139.0,104.0,74.8,35.0,25.2,38.0,27.3,382.0,308.0,80.6,73.0,19.1,85.0,22.3,0.0,0.0,0.0,0.0,0.0,0.0,0.0,123.0,104.0,84.6,19.0,15.4,19.0,15.4,2.0,2.0,100.0,0.0,0.0,0.0,0.0,94.0,78.0,83.0,16.0,17.0,16.0,17.0
20112012.0,220.0,ARCHULETA COUNTY 50 JT,1DISTRICT TOTALS (INCLUDING ALTERNATIVE SCHOOLS),1641.0,1218.0,74.2,422.0,25.7,452.0,27.5,125.0,100.0,80.0,25.0,20.0,28.0,22.4,120.0,94.0,78.3,26.0,21.7,28.0,23.3,885.0,630.0,71.2,254.0,28.7,275.0,31.1,7.0,7.0,100.0,0.0,0.0,0.0,0.0,1073.0,830.0,77.4,243.0,22.6,257.0,24.0,14.0,3.0,21.4,11.0,78.6,12.0,85.7,99.0,83.0,83.8,16.0,16.2,17.0,17.2
20112012.0,230.0,WALSH RE-1,1DISTRICT TOTALS (INCLUDING ALTERNATIVE SCHOOLS),150.0,118.0,78.7,32.0,21.3,34.0,22.7,11.0,6.0,54.5,5.0,45.5,5.0,45.5,17.0,10.0,58.8,7.0,41.2,9.0,52.9,69.0,50.0,72.5,19.0,27.5,20.0,29.0,0.0,0.0,0.0,0.0,0.0,0.0,0.0,23.0,18.0,78.3,5.0,21.7,6.0,26.1,0.0,0.0,0.0,0.0,0.0,0.0,0.0,11.0,11.0,100.0,0.0,0.0,0.0,0.0
20112012.0,240.0,PRITCHETT RE-3,1DISTRICT TOTALS (INCLUDING ALTERNATIVE SCHOOLS),74.0,43.0,58.1,31.0,41.9,31.0,41.9,4.0,2.0,50.0,2.0,50.0,2.0,50.0,0.0,0.0,0.0,0.0,0.0,0.0,0.0,45.0,23.0,51.1,22.0,48.9,22.0,48.9,0.0,0.0,0.0,0.0,0.0,0.0,0.0,74.0,43.0,58.1,31.0,41.9,31.0,41.9,0.0,0.0,0.0,0.0,0.0,0.0,0.0,8.0,7.0,87.5,1.0,12.5,1.0,12.5
20112012.0,250.0,SPRINGFIELD RE-4,1DISTRICT TOTALS (INCLUDING ALTERNATIVE SCHOOLS),292.0,218.0,74.7,74.0,25.3,79.0,27.1,28.0,21.0,75.0,7.0,25.0,7.0,25.0,3.0,1.0,33.3,2.0,66.7,2.0,66.7,183.0,136.0,74.3,47.0,25.7,49.0,26.8,0.0,0.0,0.0,0.0,0.0,0.0,0.0,292.0,218.0,74.7,74.0,25.3,79.0,27.1,0.0,0.0,0.0,0.0,0.0,0.0,0.0,9.0,8.0,88.9,1.0,11.1,1.0,11.1
20112012.0,260.0,VILAS RE-5,1DISTRICT TOTALS (INCLUDING ALTERNATIVE SCHOOLS),418.0,160.0,38.3,258.0,61.7,261.0,62.4,21.0,10.0,47.6,11.0,52.4,11.0,52.4,0.0,0.0,0.0,0.0,0.0,0.0,0.0,117.0,54.0,46.2,63.0,53.8,65.0,55.6,2.0,0.0,0.0,2.0,100.0,2.0,100.0,0.0,0.0,0.0,0.0,0.0,0.0,0.0,0.0,0.0,0.0,0.0,0.0,0.0,0.0,2.0,2.0,100.0,0.0,0.0,0.0,0.0
20112012.0,270.0,CAMPO RE-6,1DISTRICT TOTALS (INCLUDING ALTERNATIVE SCHOOLS),54.0,38.0,70.4,16.0,29.6,16.0,29.6,6.0,6.0,100.0,0.0,0.0,0.0,0.0,0.0,0.0,0.0,0.0,0.0,0.0,0.0,38.0,30.0,78.9,8.0,21.1,8.0,21.1,0.0,0.0,0.0,0.0,0.0,0.0,0.0,14.0,12.0,85.7,2.0,14.3,2.0,14.3,0.0,0.0,0.0,0.0,0.0,0.0,0.0,1.0,1.0,100.0,0.0,0.0,0.0,0.0
20112012.0,290.0,LAS ANIMAS RE-1,1DISTRICT TOTALS (INCLUDING ALTERNATIVE SCHOOLS),569.0,429.0,75.4,140.0,24.6,147.0,25.8,66.0,45.0,68.2,21.0,31.8,23.0,34.8,3.0,3.0,100.0,0.0,0.0,0.0,0.0,458.0,355.0,77.5,103.0,22.5,109.0,23.8,1.0,1.0,100.0,0.0,0.0,0.0,0.0,431.0,339.0,78.7,92.0,21.3,98.0,22.7,0.0,0.0,0.0,0.0,0.0,0.0,0.0,20.0,18.0,90.0,2.0,10.0,2.0,10.0
20112012.0,310.0,MC CLAVE RE-2,1DISTRICT TOTALS (INCLUDING ALTERNATIVE SCHOOLS),296.0,246.0,83.1,50.0,16.9,51.0,17.2,17.0,15.0,88.2,2.0,11.8,2.0,11.8,31.0,25.0,80.6,6.0,19.4,6.0,19.4,181.0,143.0,79.0,38.0,21.0,39.0,21.5,9.0,5.0,55.6,4.0,44.4,4.0,44.4,145.0,125.0,86.2,20.0,13.8,21.0,14.5,0.0,0.0,0.0,0.0,0.0,0.0,0.0,19.0,19.0,100.0,0.0,0.0,0.0,0.0
20112012.0,470.0,ST VRAIN VALLEY RE 1J,1DISTRICT TOTALS (INCLUDING ALTERNATIVE SCHOOLS),29351.0,24282.0,82.7,5015.0,17.1,5364.0,18.3,2453.0,2096.0,85.4,354.0,14.4,382.0,15.6,5323.0,4566.0,85.8,750.0,14.1,830.0,15.6,10467.0,8650.0,82.6,1783.0,17.0,1993.0,19.0,60.0,50.0,83.3,10.0,16.7,12.0,20.0,333.0,304.0,91.3,29.0,8.7,34.0,10.2,936.0,490.0,52.4,431.0,46.0,508.0,54.3,2109.0,1975.0,93.6,134.0,6.4,138.0,6.5
20112012.0,480.0,BOULDER VALLEY RE 2,1DISTRICT TOTALS (INCLUDING ALTERNATIVE SCHOOLS),31329.0,26465.0,84.5,4832.0,15.4,5099.0,16.3,2857.0,2469.0,86.4,388.0,13.6,414.0,14.5,3006.0,2461.0,81.9,541.0,18.0,577.0,19.2,6921.0,5387.0,77.8,1519.0,21.9,1651.0,23.9,2.0,0.0,0.0,2.0,100.0,2.0,100.0,2077.0,1728.0,83.2,344.0,16.6,371.0,17.9,800.0,511.0,63.9,286.0,35.8,324.0,40.5,4696.0,4348.0,92.6,348.0,7.4,374.0,8.0
20112012.0,490.0,BUENA VISTA R-31,1DISTRICT TOTALS (INCLUDING ALTERNATIVE SCHOOLS),1077.0,803.0,74.6,273.0,25.3,295.0,27.4,93.0,79.0,84.9,14.0,15.1,17.0,18.3,3.0,2.0,66.7,1.0,33.3,1.0,33.3,451.0,333.0,73.8,118.0,26.2,125.0,27.7,0.0,0.0,0.0,0.0,0.0,0.0,0.0,68.0,56.0,82.4,12.0,17.6,12.0,17.6,1.0,0.0,0.0,1.0,100.0,1.0,100.0,22.0,20.0,90.9,2.0,9.1,2.0,9.1
20112012.0,500.0,SALIDA R-32,1DISTRICT TOTALS (INCLUDING ALTERNATIVE SCHOOLS),1201.0,904.0,75.3,295.0,24.6,314.0,26.1,98.0,76.0,77.6,22.0,22.4,23.0,23.5,35.0,24.0,68.6,11.0,31.4,11.0,31.4,496.0,397.0,80.0,98.0,19.8,111.0,22.4,0.0,0.0,0.0,0.0,0.0,0.0,0.0,870.0,624.0,71.7,245.0,28.2,260.0,29.9,8.0,4.0,50.0,4.0,50.0,5.0,62.5,62.0,59.0,95.2,3.0,4.8,4.0,6.5
20112012.0,510.0,KIT CARSON R-1,1DISTRICT TOTALS (INCLUDING ALTERNATIVE SCHOOLS),131.0,102.0,77.9,29.0,22.1,29.0,22.1,10.0,6.0,60.0,4.0,40.0,4.0,40.0,2.0,0.0,0.0,2.0,100.0,2.0,100.0,61.0,45.0,73.8,16.0,26.2,16.0,26.2,2.0,0.0,0.0,2.0,100.0,2.0,100.0,0.0,0.0,0.0,0.0,0.0,0.0,0.0,0.0,0.0,0.0,0.0,0.0,0.0,0.0,9.0,9.0,100.0,0.0,0.0,0.0,0.0
20112012.0,520.0,CHEYENNE COUNTY RE-5,1DISTRICT TOTALS (INCLUDING ALTERNATIVE SCHOOLS),208.0,145.0,69.7,63.0,30.3,65.0,31.3,30.0,23.0,76.7,7.0,23.3,8.0,26.7,28.0,12.0,42.9,16.0,57.1,16.0,57.1,89.0,56.0,62.9,33.0,37.1,35.0,39.3,4.0,1.0,25.0,3.0,75.0,3.0,75.0,20.0,15.0,75.0,5.0,25.0,5.0,25.0,0.0,0.0,0.0,0.0,0.0,0.0,0.0,4.0,3.0,75.0,1.0,25.0,1.0,25.0
20112012.0,540.0,CLEAR CREEK RE-1,1DISTRICT TOTALS (INCLUDING ALTERNATIVE SCHOOLS),1080.0,761.0,70.5,319.0,29.5,338.0,31.3,97.0,69.0,71.1,28.0,28.9,30.0,30.9,13.0,11.0,84.6,2.0,15.4,2.0,15.4,285.0,209.0,73.3,76.0,26.7,85.0,29.8,0.0,0.0,0.0,0.0,0.0,0.0,0.0,268.0,196.0,73.1,72.0,26.9,74.0,27.6,0.0,0.0,0.0,0.0,0.0,0.0,0.0,82.0,70.0,85.4,12.0,14.6,12.0,14.6
20112012.0,550.0,NORTH CONEJOS RE-1J,1DISTRICT TOTALS (INCLUDING ALTERNATIVE SCHOOLS),1110.0,838.0,75.5,266.0,24.0,284.0,25.6,59.0,42.0,71.2,17.0,28.8,18.0,30.5,0.0,0.0,0.0,0.0,0.0,0.0,0.0,733.0,608.0,82.9,122.0,16.6,133.0,18.1,2.0,2.0,100.0,0.0,0.0,0.0,0.0,1036.0,814.0,78.6,216.0,20.8,231.0,22.3,1.0,0.0,0.0,1.0,100.0,1.0,100.0,29.0,26.0,89.7,3.0,10.3,3.0,10.3
20112012.0,560.0,SANFORD 6J,1DISTRICT TOTALS (INCLUDING ALTERNATIVE SCHOOLS),369.0,287.0,77.8,82.0,22.2,82.0,22.2,27.0,19.0,70.4,8.0,29.6,8.0,29.6,2.0,2.0,100.0,0.0,0.0,0.0,0.0,245.0,188.0,76.7,57.0,23.3,57.0,23.3,0.0,0.0,0.0,0.0,0.0,0.0,0.0,210.0,163.0,77.6,47.0,22.4,47.0,22.4,2.0,0.0,0.0,2.0,100.0,2.0,100.0,48.0,43.0,89.6,5.0,10.4,5.0,10.4
20112012.0,580.0,SOUTH CONEJOS RE-10,1DISTRICT TOTALS (INCLUDING ALTERNATIVE SCHOOLS),276.0,193.0,69.9,83.0,30.1,84.0,30.4,15.0,11.0,73.3,4.0,26.7,4.0,26.7,26.0,23.0,88.5,3.0,11.5,3.0,11.5,198.0,147.0,74.2,51.0,25.8,52.0,26.3,0.0,0.0,0.0,0.0,0.0,0.0,0.0,275.0,193.0,70.2,82.0,29.8,83.0,30.2,0.0,0.0,0.0,0.0,0.0,0.0,0.0,3.0,2.0,66.7,1.0,33.3,1.0,33.3
20112012.0,640.0,CENTENNIAL R-1,1DISTRICT TOTALS (INCLUDING ALTERNATIVE SCHOOLS),269.0,179.0,66.5,90.0,33.5,102.0,37.9,20.0,17.0,85.0,3.0,15.0,4.0,20.0,38.0,34.0,89.5,4.0,10.5,4.0,10.5,238.0,161.0,67.6,77.0,32.4,87.0,36.6,1.0,1.0,100.0,0.0,0.0,0.0,0.0,269.0,179.0,66.5,90.0,33.5,102.0,37.9,47.0,19.0,40.4,28.0,59.6,33.0,70.2,0.0,0.0,0.0,0.0,0.0,0.0,0.0
20112012.0,740.0,SIERRA GRANDE R-30,1DISTRICT TOTALS (INCLUDING ALTERNATIVE SCHOOLS),317.0,204.0,64.4,113.0,35.6,120.0,37.9,26.0,17.0,65.4,9.0,34.6,9.0,34.6,54.0,40.0,74.1,14.0,25.9,15.0,27.8,268.0,165.0,61.6,103.0,38.4,110.0,41.0,20.0,13.0,65.0,7.0,35.0,7.0,35.0,134.0,74.0,55.2,60.0,44.8,61.0,45.5,30.0,11.0,36.7,19.0,63.3,19.0,63.3,5.0,5.0,100.0,0.0,0.0,0.0,0.0
20112012.0,770.0,CROWLEY COUNTY RE-1-J,1DISTRICT TOTALS (INCLUDING ALTERNATIVE SCHOOLS),578.0,382.0,66.1,196.0,33.9,203.0,35.1,60.0,35.0,58.3,25.0,41.7,26.0,43.3,5.0,2.0,40.0,3.0,60.0,3.0,60.0,419.0,262.0,62.5,157.0,37.5,163.0,38.9,2.0,2.0,100.0,0.0,0.0,0.0,0.0,578.0,382.0,66.1,196.0,33.9,203.0,35.1,0.0,0.0,0.0,0.0,0.0,0.0,0.0,11.0,9.0,81.8,2.0,18.2,2.0,18.2
20112012.0,860.0,CUSTER COUNTY SCHOOL DISTRICT C-1,1DISTRICT TOTALS (INCLUDING ALTERNATIVE SCHOOLS),480.0,361.0,75.2,119.0,24.8,121.0,25.2,50.0,44.0,88.0,6.0,12.0,6.0,12.0,0.0,0.0,0.0,0.0,0.0,0.0,0.0,212.0,142.0,67.0,70.0,33.0,70.0,33.0,0.0,0.0,0.0,0.0,0.0,0.0,0.0,178.0,128.0,71.9,50.0,28.1,51.0,28.7,0.0,0.0,0.0,0.0,0.0,0.0,0.0,38.0,35.0,92.1,3.0,7.9,3.0,7.9
20112012.0,870.0,DELTA COUNTY 50(J),1DISTRICT TOTALS (INCLUDING ALTERNATIVE SCHOOLS),5630.0,4387.0,77.9,1222.0,21.7,1344.0,23.9,524.0,428.0,81.7,92.0,17.6,107.0,20.4,422.0,311.0,73.7,110.0,26.1,120.0,28.4,2821.0,2114.0,74.9,692.0,24.5,781.0,27.7,53.0,28.0,52.8,25.0,47.2,25.0,47.2,2272.0,1785.0,78.6,475.0,20.9,525.0,23.1,61.0,15.0,24.6,45.0,73.8,52.0,85.2,333.0,316.0,94.9,17.0,5.1,17.0,5.1
20112012.0,880.0,DENVER COUNTY 1,1DISTRICT TOTALS (INCLUDING ALTERNATIVE SCHOOLS),88761.0,64903.0,73.1,23124.0,26.1,27685.0,31.2,8815.0,6798.0,77.1,1944.0,22.1,2493.0,28.3,31131.0,24032.0,77.2,6919.0,22.2,8116.0,26.1,60056.0,47096.0,78.4,12398.0,20.6,15623.0,26.0,30.0,27.0,90.0,3.0,10.0,3.0,10.0,61769.0,44095.0,71.4,16980.0,27.5,20896.0,33.8,2080.0,1038.0,49.9,960.0,46.2,1299.0,62.5,11416.0,10028.0,87.8,1344.0,11.8,1606.0,14.1
20112012.0,890.0,DOLORES COUNTY RE NO.2,1DISTRICT TOTALS (INCLUDING ALTERNATIVE SCHOOLS),318.0,229.0,72.0,89.0,28.0,91.0,28.6,25.0,16.0,64.0,9.0,36.0,9.0,36.0,0.0,0.0,0.0,0.0,0.0,0.0,0.0,146.0,102.0,69.9,44.0,30.1,45.0,30.8,0.0,0.0,0.0,0.0,0.0,0.0,0.0,161.0,119.0,73.9,42.0,26.1,43.0,26.7,0.0,0.0,0.0,0.0,0.0,0.0,0.0,11.0,11.0,100.0,0.0,0.0,0.0,0.0
20112012.0,900.0,DOUGLAS COUNTY RE 1,1DISTRICT TOTALS (INCLUDING ALTERNATIVE SCHOOLS),66965.0,55140.0,82.3,11722.0,17.5,12396.0,18.5,5677.0,4896.0,86.2,773.0,13.6,854.0,15.0,3254.0,2026.0,62.3,1225.0,37.6,1297.0,39.9,7219.0,5364.0,74.3,1852.0,25.7,1913.0,26.5,7.0,1.0,14.3,6.0,85.7,6.0,85.7,1644.0,935.0,56.9,709.0,43.1,763.0,46.4,678.0,399.0,58.8,276.0,40.7,335.0,49.4,4022.0,3733.0,92.8,286.0,7.1,303.0,7.5
20112012.0,910.0,EAGLE COUNTY RE 50,1DISTRICT TOTALS (INCLUDING ALTERNATIVE SCHOOLS),6749.0,5472.0,81.1,1261.0,18.7,1365.0,20.2,584.0,507.0,86.8,76.0,13.0,88.0,15.1,2428.0,1965.0,80.9,455.0,18.7,505.0,20.8,2834.0,2278.0,80.4,547.0,19.3,612.0,21.6,28.0,22.0,78.6,6.0,21.4,6.0,21.4,1970.0,1602.0,81.3,361.0,18.3,406.0,20.6,87.0,42.0,48.3,45.0,51.7,50.0,57.5,527.0,462.0,87.7,65.0,12.3,68.0,12.9
20112012.0,920.0,ELIZABETH C-1,1DISTRICT TOTALS (INCLUDING ALTERNATIVE SCHOOLS),2804.0,2090.0,74.5,711.0,25.4,736.0,26.2,287.0,209.0,72.8,77.0,26.8,83.0,28.9,51.0,36.0,70.6,15.0,29.4,15.0,29.4,482.0,349.0,72.4,132.0,27.4,141.0,29.3,0.0,0.0,0.0,0.0,0.0,0.0,0.0,78.0,69.0,88.5,9.0,11.5,9.0,11.5,0.0,0.0,0.0,0.0,0.0,0.0,0.0,208.0,190.0,91.3,18.0,8.7,20.0,9.6
20112012.0,930.0,KIOWA C-2,1DISTRICT TOTALS (INCLUDING ALTERNATIVE SCHOOLS),437.0,323.0,73.9,114.0,26.1,115.0,26.3,40.0,32.0,80.0,8.0,20.0,8.0,20.0,14.0,12.0,85.7,2.0,14.3,2.0,14.3,161.0,130.0,80.7,31.0,19.3,31.0,19.3,0.0,0.0,0.0,0.0,0.0,0.0,0.0,48.0,40.0,83.3,8.0,16.7,8.0,16.7,2.0,1.0,50.0,1.0,50.0,1.0,50.0,16.0,12.0,75.0,4.0,25.0,4.0,25.0
20112012.0,940.0,BIG SANDY 100J,1DISTRICT TOTALS (INCLUDING ALTERNATIVE SCHOOLS),350.0,241.0,68.9,109.0,31.1,111.0,31.7,43.0,24.0,55.8,19.0,44.2,19.0,44.2,6.0,0.0,0.0,6.0,100.0,6.0,100.0,36.0,2.0,5.6,34.0,94.4,34.0,94.4,0.0,0.0,0.0,0.0,0.0,0.0,0.0,242.0,164.0,67.8,78.0,32.2,79.0,32.6,0.0,0.0,0.0,0.0,0.0,0.0,0.0,19.0,19.0,100.0,0.0,0.0,0.0,0.0
20112012.0,950.0,ELBERT 200,1DISTRICT TOTALS (INCLUDING ALTERNATIVE SCHOOLS),232.0,166.0,71.6,66.0,28.4,68.0,29.3,16.0,13.0,81.3,3.0,18.8,3.0,18.8,4.0,3.0,75.0,1.0,25.0,1.0,25.0,73.0,37.0,50.7,36.0,49.3,36.0,49.3,0.0,0.0,0.0,0.0,0.0,0.0,0.0,22.0,19.0,86.4,3.0,13.6,3.0,13.6,0.0,0.0,0.0,0.0,0.0,0.0,0.0,8.0,7.0,87.5,1.0,12.5,1.0,12.5
20112012.0,960.0,AGATE 300,1DISTRICT TOTALS (INCLUDING ALTERNATIVE SCHOOLS),16.0,5.0,31.3,13.0,81.3,13.0,81.3,3.0,1.0,33.3,3.0,100.0,3.0,100.0,1.0,0.0,0.0,1.0,100.0,1.0,100.0,13.0,3.0,23.1,11.0,84.6,11.0,84.6,0.0,0.0,0.0,0.0,0.0,0.0,0.0,11.0,5.0,45.5,7.0,63.6,7.0,63.6,0.0,0.0,0.0,0.0,0.0,0.0,0.0,0.0,0.0,0.0,0.0,0.0,0.0,0.0
20112012.0,970.0,CALHAN RJ-1,1DISTRICT TOTALS (INCLUDING ALTERNATIVE SCHOOLS),645.0,404.0,62.6,291.0,45.1,304.0,47.1,63.0,44.0,69.8,23.0,36.5,23.0,36.5,1.0,1.0,100.0,0.0,0.0,0.0,0.0,209.0,145.0,69.4,81.0,38.8,88.0,42.1,0.0,0.0,0.0,0.0,0.0,0.0,0.0,67.0,53.0,79.1,26.0,38.8,29.0,43.3,0.0,0.0,0.0,0.0,0.0,0.0,0.0,30.0,26.0,86.7,5.0,16.7,5.0,16.7
20112012.0,980.0,HARRISON 2,1DISTRICT TOTALS (INCLUDING ALTERNATIVE SCHOOLS),13926.0,7941.0,57.0,5872.0,42.2,6343.0,45.5,1208.0,727.0,60.2,473.0,39.2,528.0,43.7,2019.0,1503.0,74.4,493.0,24.4,561.0,27.8,9691.0,5814.0,60.0,3779.0,39.0,4172.0,43.1,1.0,0.0,0.0,1.0,100.0,1.0,100.0,7173.0,4034.0,56.2,3065.0,42.7,3355.0,46.8,60.0,13.0,21.7,47.0,78.3,51.0,85.0,486.0,426.0,87.7,58.0,11.9,62.0,12.8
20112012.0,990.0,WIDEFIELD 3,1DISTRICT TOTALS (INCLUDING ALTERNATIVE SCHOOLS),10617.0,7215.0,68.0,3380.0,31.8,3687.0,34.7,1174.0,891.0,75.9,281.0,23.9,320.0,27.3,297.0,195.0,65.7,99.0,33.3,114.0,38.4,4532.0,3289.0,72.6,1231.0,27.2,1390.0,30.7,3.0,2.0,66.7,1.0,33.3,1.0,33.3,552.0,412.0,74.6,139.0,25.2,151.0,27.4,93.0,28.0,30.1,64.0,68.8,76.0,81.7,273.0,238.0,87.2,34.0,12.5,42.0,15.4
20112012.0,1000.0,FOUNTAIN 8,1DISTRICT TOTALS (INCLUDING ALTERNATIVE SCHOOLS),9827.0,5302.0,54.0,4489.0,45.7,4738.0,48.2,1043.0,649.0,62.2,393.0,37.7,422.0,40.5,564.0,312.0,55.3,251.0,44.5,260.0,46.1,4283.0,2466.0,57.6,1796.0,41.9,1934.0,45.2,3.0,3.0,100.0,0.0,0.0,0.0,0.0,2031.0,971.0,47.8,1046.0,51.5,1129.0,55.6,323.0,148.0,45.8,173.0,53.6,194.0,60.1,431.0,304.0,70.5,126.0,29.2,133.0,30.9
20112012.0,1010.0,COLORADO SPRINGS 11,1DISTRICT TOTALS (INCLUDING ALTERNATIVE SCHOOLS),34548.0,23868.0,69.1,10560.0,30.6,12693.0,36.7,2465.0,1757.0,71.3,700.0,28.4,934.0,37.9,3558.0,2509.0,70.5,1038.0,29.2,1239.0,34.8,18399.0,12100.0,65.8,6200.0,33.7,7456.0,40.5,23.0,13.0,56.5,10.0,43.5,11.0,47.8,5869.0,3994.0,68.1,1826.0,31.1,2184.0,37.2,1567.0,757.0,48.3,789.0,50.4,1019.0,65.0,2878.0,2519.0,87.5,355.0,12.3,428.0,14.9
20112012.0,1020.0,CHEYENNE MOUNTAIN 12,1DISTRICT TOTALS (INCLUDING ALTERNATIVE SCHOOLS),5059.0,3785.0,74.8,1274.0,25.2,1300.0,25.7,276.0,223.0,80.8,53.0,19.2,56.0,20.3,190.0,132.0,69.5,58.0,30.5,60.0,31.6,814.0,553.0,67.9,261.0,32.1,268.0,32.9,0.0,0.0,0.0,0.0,0.0,0.0,0.0,982.0,685.0,69.8,297.0,30.2,299.0,30.4,5.0,2.0,40.0,3.0,60.0,3.0,60.0,637.0,583.0,91.5,54.0,8.5,54.0,8.5
20112012.0,1030.0,MANITOU SPRINGS 14,1DISTRICT TOTALS (INCLUDING ALTERNATIVE SCHOOLS),1682.0,1146.0,68.1,537.0,31.9,537.0,31.9,113.0,85.0,75.2,28.0,24.8,28.0,24.8,9.0,8.0,88.9,1.0,11.1,1.0,11.1,473.0,314.0,66.4,159.0,33.6,159.0,33.6,0.0,0.0,0.0,0.0,0.0,0.0,0.0,100.0,75.0,75.0,25.0,25.0,25.0,25.0,3.0,0.0,0.0,3.0,100.0,3.0,100.0,111.0,99.0,89.2,12.0,10.8,12.0,10.8
20112012.0,1040.0,ACADEMY 20,1DISTRICT TOTALS (INCLUDING ALTERNATIVE SCHOOLS),25881.0,20007.0,77.3,5853.0,22.6,6077.0,23.5,1898.0,1528.0,80.5,368.0,19.4,395.0,20.8,561.0,363.0,64.7,197.0,35.1,205.0,36.5,3722.0,2572.0,69.1,1144.0,30.7,1224.0,32.9,0.0,0.0,0.0,0.0,0.0,0.0,0.0,263.0,197.0,74.9,65.0,24.7,69.0,26.2,28.0,21.0,75.0,7.0,25.0,7.0,25.0,2667.0,2405.0,90.2,262.0,9.8,264.0,9.9
20112012.0,1050.0,ELLICOTT 22,1DISTRICT TOTALS (INCLUDING ALTERNATIVE SCHOOLS),1233.0,736.0,59.7,496.0,40.2,506.0,41.0,160.0,89.0,55.6,71.0,44.4,74.0,46.3,107.0,88.0,82.2,19.0,17.8,19.0,17.8,793.0,492.0,62.0,300.0,37.8,305.0,38.5,2.0,2.0,100.0,0.0,0.0,0.0,0.0,538.0,355.0,66.0,183.0,34.0,183.0,34.0,0.0,0.0,0.0,0.0,0.0,0.0,0.0,35.0,30.0,85.7,5.0,14.3,5.0,14.3
20112012.0,1060.0,PEYTON 23 JT,1DISTRICT TOTALS (INCLUDING ALTERNATIVE SCHOOLS),734.0,562.0,76.6,172.0,23.4,182.0,24.8,62.0,49.0,79.0,13.0,21.0,14.0,22.6,8.0,5.0,62.5,3.0,37.5,3.0,37.5,216.0,153.0,70.8,63.0,29.2,70.0,32.4,3.0,2.0,66.7,1.0,33.3,1.0,33.3,377.0,290.0,76.9,87.0,23.1,91.0,24.1,2.0,2.0,100.0,0.0,0.0,0.0,0.0,33.0,32.0,97.0,1.0,3.0,2.0,6.1
20112012.0,1070.0,HANOVER 28,1DISTRICT TOTALS (INCLUDING ALTERNATIVE SCHOOLS),292.0,143.0,49.0,149.0,51.0,154.0,52.7,32.0,19.0,59.4,13.0,40.6,13.0,40.6,32.0,16.0,50.0,16.0,50.0,16.0,50.0,227.0,104.0,45.8,123.0,54.2,128.0,56.4,12.0,7.0,58.3,5.0,41.7,5.0,41.7,292.0,143.0,49.0,149.0,51.0,154.0,52.7,31.0,14.0,45.2,17.0,54.8,18.0,58.1,6.0,4.0,66.7,2.0,33.3,2.0,33.3
20112012.0,1080.0,LEWIS-PALMER 38,1DISTRICT TOTALS (INCLUDING ALTERNATIVE SCHOOLS),6422.0,5105.0,79.5,1312.0,20.4,1365.0,21.3,517.0,428.0,82.8,89.0,17.2,93.0,18.0,310.0,250.0,80.6,60.0,19.4,64.0,20.6,725.0,520.0,71.7,204.0,28.1,222.0,30.6,0.0,0.0,0.0,0.0,0.0,0.0,0.0,91.0,68.0,74.7,23.0,25.3,23.0,25.3,5.0,1.0,20.0,4.0,80.0,4.0,80.0,900.0,830.0,92.2,69.0,7.7,74.0,8.2
20112012.0,1110.0,FALCON 49,1DISTRICT TOTALS (INCLUDING ALTERNATIVE SCHOOLS),17388.0,12379.0,71.2,5031.0,28.9,5301.0,30.5,1590.0,1207.0,75.9,379.0,23.8,413.0,26.0,618.0,449.0,72.7,168.0,27.2,179.0,29.0,3593.0,2666.0,74.2,914.0,25.4,993.0,27.6,0.0,0.0,0.0,0.0,0.0,0.0,0.0,2759.0,1810.0,65.6,931.0,33.7,983.0,35.6,24.0,13.0,54.2,11.0,45.8,14.0,58.3,584.0,522.0,89.4,68.0,11.6,70.0,12.0
20112012.0,1120.0,EDISON 54 JT,1DISTRICT TOTALS (INCLUDING ALTERNATIVE SCHOOLS),214.0,141.0,65.9,73.0,34.1,74.0,34.6,20.0,10.0,50.0,10.0,50.0,10.0,50.0,0.0,0.0,0.0,0.0,0.0,0.0,0.0,61.0,49.0,80.3,12.0,19.7,12.0,19.7,0.0,0.0,0.0,0.0,0.0,0.0,0.0,18.0,15.0,83.3,3.0,16.7,3.0,16.7,0.0,0.0,0.0,0.0,0.0,0.0,0.0,8.0,8.0,100.0,0.0,0.0,0.0,0.0
20112012.0,1130.0,MIAMI/YODER 60 JT,1DISTRICT TOTALS (INCLUDING ALTERNATIVE SCHOOLS),357.0,193.0,54.1,164.0,45.9,169.0,47.3,32.0,18.0,56.3,14.0,43.8,15.0,46.9,7.0,4.0,57.1,3.0,42.9,3.0,42.9,203.0,115.0,56.7,88.0,43.3,89.0,43.8,0.0,0.0,0.0,0.0,0.0,0.0,0.0,239.0,134.0,56.1,105.0,43.9,108.0,45.2,0.0,0.0,0.0,0.0,0.0,0.0,0.0,5.0,4.0,80.0,1.0,20.0,1.0,20.0
20112012.0,1140.0,CANON CITY RE-1,1DISTRICT TOTALS (INCLUDING ALTERNATIVE SCHOOLS),4271.0,3211.0,75.2,1037.0,24.3,1129.0,26.4,535.0,419.0,78.3,115.0,21.5,126.0,23.6,33.0,29.0,87.9,4.0,12.1,4.0,12.1,16.0,1.0,6.3,15.0,93.8,15.0,93.8,0.0,0.0,0.0,0.0,0.0,0.0,0.0,1803.0,1349.0,74.8,438.0,24.3,480.0,26.6,10.0,0.0,0.0,10.0,100.0,10.0,100.0,299.0,273.0,91.3,25.0,8.4,27.0,9.0
20112012.0,1150.0,FREMONT RE-2,1DISTRICT TOTALS (INCLUDING ALTERNATIVE SCHOOLS),1866.0,1314.0,70.4,551.0,29.5,595.0,31.9,220.0,161.0,73.2,59.0,26.8,63.0,28.6,28.0,22.0,78.6,6.0,21.4,6.0,21.4,929.0,693.0,74.6,236.0,25.4,260.0,28.0,0.0,0.0,0.0,0.0,0.0,0.0,0.0,1302.0,920.0,70.7,382.0,29.3,406.0,31.2,0.0,0.0,0.0,0.0,0.0,0.0,0.0,59.0,56.0,94.9,3.0,5.1,4.0,6.8
20112012.0,1160.0,COTOPAXI RE-3,1DISTRICT TOTALS (INCLUDING ALTERNATIVE SCHOOLS),235.0,167.0,71.1,68.0,28.9,69.0,29.4,27.0,15.0,55.6,12.0,44.4,12.0,44.4,0.0,0.0,0.0,0.0,0.0,0.0,0.0,130.0,84.0,64.6,46.0,35.4,47.0,36.2,0.0,0.0,0.0,0.0,0.0,0.0,0.0,235.0,167.0,71.1,68.0,28.9,69.0,29.4,0.0,0.0,0.0,0.0,0.0,0.0,0.0,11.0,10.0,90.9,1.0,9.1,1.0,9.1
20112012.0,1180.0,ROARING FORK RE-1,1DISTRICT TOTALS (INCLUDING ALTERNATIVE SCHOOLS),5742.0,4569.0,79.6,1160.0,20.2,1281.0,22.3,408.0,351.0,86.0,56.0,13.7,61.0,15.0,2288.0,1977.0,86.4,307.0,13.4,366.0,16.0,1930.0,1664.0,86.2,265.0,13.7,300.0,15.5,14.0,10.0,71.4,4.0,28.6,4.0,28.6,2469.0,1987.0,80.5,473.0,19.2,517.0,20.9,0.0,0.0,0.0,0.0,0.0,0.0,0.0,332.0,306.0,92.2,26.0,7.8,27.0,8.1
20112012.0,1195.0,GARFIELD RE-2,1DISTRICT TOTALS (INCLUDING ALTERNATIVE SCHOOLS),5185.0,3942.0,76.0,1235.0,23.8,1322.0,25.5,367.0,273.0,74.4,94.0,25.6,100.0,27.2,1033.0,824.0,79.8,207.0,20.0,226.0,21.9,2643.0,2061.0,78.0,578.0,21.9,636.0,24.1,28.0,20.0,71.4,8.0,28.6,8.0,28.6,1495.0,1046.0,70.0,445.0,29.8,474.0,31.7,129.0,89.0,69.0,39.0,30.2,44.0,34.1,295.0,260.0,88.1,35.0,11.9,38.0,12.9
20112012.0,1220.0,GARFIELD 16,1DISTRICT TOTALS (INCLUDING ALTERNATIVE SCHOOLS),1275.0,854.0,67.0,423.0,33.2,454.0,35.6,112.0,65.0,58.0,47.0,42.0,50.0,44.6,237.0,163.0,68.8,74.0,31.2,77.0,32.5,637.0,433.0,68.0,204.0,32.0,229.0,35.9,4.0,0.0,0.0,4.0,100.0,4.0,100.0,504.0,327.0,64.9,177.0,35.1,189.0,37.5,5.0,0.0,0.0,5.0,100.0,8.0,160.0,28.0,23.0,82.1,5.0,17.9,5.0,17.9
20112012.0,1330.0,GILPIN COUNTY RE-1,1DISTRICT TOTALS (INCLUDING ALTERNATIVE SCHOOLS),416.0,288.0,69.2,128.0,30.8,135.0,32.5,47.0,31.0,66.0,16.0,34.0,19.0,40.4,2.0,2.0,100.0,0.0,0.0,0.0,0.0,124.0,73.0,58.9,51.0,41.1,54.0,43.5,0.0,0.0,0.0,0.0,0.0,0.0,0.0,22.0,14.0,63.6,8.0,36.4,9.0,40.9,2.0,1.0,50.0,1.0,50.0,1.0,50.0,32.0,27.0,84.4,5.0,15.6,5.0,15.6
20112012.0,1340.0,WEST GRAND 1-JT.,1DISTRICT TOTALS (INCLUDING ALTERNATIVE SCHOOLS),476.0,380.0,79.8,96.0,20.2,101.0,21.2,47.0,37.0,78.7,10.0,21.3,10.0,21.3,45.0,38.0,84.4,7.0,15.6,7.0,15.6,162.0,138.0,85.2,24.0,14.8,25.0,15.4,0.0,0.0,0.0,0.0,0.0,0.0,0.0,229.0,177.0,77.3,52.0,22.7,54.0,23.6,3.0,0.0,0.0,3.0,100.0,3.0,100.0,25.0,24.0,96.0,1.0,4.0,1.0,4.0
20112012.0,1360.0,GUNNISON WATERSHED RE1J,1DISTRICT TOTALS (INCLUDING ALTERNATIVE SCHOOLS),1936.0,1552.0,80.2,384.0,19.8,424.0,21.9,123.0,104.0,84.6,19.0,15.4,21.0,17.1,161.0,139.0,86.3,22.0,13.7,27.0,16.8,529.0,383.0,72.4,146.0,27.6,159.0,30.1,3.0,2.0,66.7,1.0,33.3,1.0,33.3,90.0,71.0,78.9,19.0,21.1,23.0,25.6,2.0,0.0,0.0,2.0,100.0,2.0,100.0,232.0,207.0,89.2,25.0,10.8,27.0,11.6
20112012.0,1380.0,HINSDALE COUNTY RE 1,1DISTRICT TOTALS (INCLUDING ALTERNATIVE SCHOOLS),93.0,69.0,74.2,24.0,25.8,24.0,25.8,7.0,6.0,85.7,1.0,14.3,1.0,14.3,1.0,1.0,100.0,0.0,0.0,0.0,0.0,23.0,12.0,52.2,11.0,47.8,11.0,47.8,0.0,0.0,0.0,0.0,0.0,0.0,0.0,27.0,25.0,92.6,2.0,7.4,2.0,7.4,0.0,0.0,0.0,0.0,0.0,0.0,0.0,4.0,4.0,100.0,0.0,0.0,0.0,0.0
20112012.0,1390.0,HUERFANO RE-1,1DISTRICT TOTALS (INCLUDING ALTERNATIVE SCHOOLS),614.0,438.0,71.3,176.0,28.7,190.0,30.9,72.0,57.0,79.2,15.0,20.8,20.0,27.8,2.0,2.0,100.0,0.0,0.0,0.0,0.0,473.0,329.0,69.6,144.0,30.4,157.0,33.2,4.0,3.0,75.0,1.0,25.0,1.0,25.0,451.0,331.0,73.4,120.0,26.6,129.0,28.6,0.0,0.0,0.0,0.0,0.0,0.0,0.0,8.0,6.0,75.0,2.0,25.0,3.0,37.5
20112012.0,1400.0,LA VETA RE-2,1DISTRICT TOTALS (INCLUDING ALTERNATIVE SCHOOLS),262.0,169.0,64.5,92.0,35.1,96.0,36.6,25.0,18.0,72.0,7.0,28.0,7.0,28.0,4.0,0.0,0.0,4.0,100.0,4.0,100.0,139.0,86.0,61.9,52.0,37.4,53.0,38.1,0.0,0.0,0.0,0.0,0.0,0.0,0.0,27.0,23.0,85.2,4.0,14.8,4.0,14.8,0.0,0.0,0.0,0.0,0.0,0.0,0.0,14.0,12.0,85.7,2.0,14.3,2.0,14.3
20112012.0,1410.0,NORTH PARK R-1 ,1DISTRICT TOTALS (INCLUDING ALTERNATIVE SCHOOLS),205.0,151.0,73.7,54.0,26.3,60.0,29.3,26.0,19.0,73.1,7.0,26.9,9.0,34.6,23.0,19.0,82.6,4.0,17.4,4.0,17.4,117.0,81.0,69.2,36.0,30.8,41.0,35.0,0.0,0.0,0.0,0.0,0.0,0.0,0.0,103.0,67.0,65.0,36.0,35.0,41.0,39.8,2.0,0.0,0.0,2.0,100.0,2.0,100.0,7.0,6.0,85.7,1.0,14.3,1.0,14.3
20112012.0,1420.0,JEFFERSON COUNTY R-1,1DISTRICT TOTALS (INCLUDING ALTERNATIVE SCHOOLS),90678.0,74398.0,82.0,16049.0,17.7,17618.0,19.4,7762.0,6429.0,82.8,1306.0,16.8,1496.0,19.3,6700.0,4710.0,70.3,1978.0,29.5,2157.0,32.2,29789.0,23622.0,79.3,6017.0,20.2,6950.0,23.3,67.0,54.0,80.6,13.0,19.4,13.0,19.4,10839.0,7752.0,71.5,3011.0,27.8,3420.0,31.6,2900.0,1730.0,59.7,1133.0,39.1,1305.0,45.0,10053.0,9466.0,94.2,578.0,5.7,649.0,6.5
20112012.0,1430.0,EADS RE-1,1DISTRICT TOTALS (INCLUDING ALTERNATIVE SCHOOLS),192.0,139.0,72.4,53.0,27.6,53.0,27.6,21.0,14.0,66.7,7.0,33.3,7.0,33.3,4.0,3.0,75.0,1.0,25.0,1.0,25.0,77.0,52.0,67.5,25.0,32.5,25.0,32.5,2.0,0.0,0.0,2.0,100.0,2.0,100.0,20.0,14.0,70.0,6.0,30.0,6.0,30.0,0.0,0.0,0.0,0.0,0.0,0.0,0.0,11.0,9.0,81.8,2.0,18.2,2.0,18.2
20112012.0,1440.0,PLAINVIEW RE-2,1DISTRICT TOTALS (INCLUDING ALTERNATIVE SCHOOLS),98.0,56.0,57.1,42.0,42.9,43.0,43.9,17.0,9.0,52.9,8.0,47.1,9.0,52.9,0.0,0.0,0.0,0.0,0.0,0.0,0.0,64.0,37.0,57.8,27.0,42.2,28.0,43.8,1.0,0.0,0.0,1.0,100.0,1.0,100.0,25.0,17.0,68.0,8.0,32.0,9.0,36.0,0.0,0.0,0.0,0.0,0.0,0.0,0.0,4.0,3.0,75.0,1.0,25.0,1.0,25.0
20112012.0,1450.0,ARRIBA-FLAGLER C-20,1DISTRICT TOTALS (INCLUDING ALTERNATIVE SCHOOLS),164.0,129.0,78.7,35.0,21.3,37.0,22.6,17.0,13.0,76.5,4.0,23.5,4.0,23.5,0.0,0.0,0.0,0.0,0.0,0.0,0.0,81.0,54.0,66.7,27.0,33.3,29.0,35.8,0.0,0.0,0.0,0.0,0.0,0.0,0.0,16.0,12.0,75.0,4.0,25.0,4.0,25.0,9.0,0.0,0.0,9.0,100.0,9.0,100.0,2.0,2.0,100.0,0.0,0.0,0.0,0.0
20112012.0,1460.0,HI-PLAINS R-23,1DISTRICT TOTALS (INCLUDING ALTERNATIVE SCHOOLS),125.0,93.0,74.4,32.0,25.6,32.0,25.6,11.0,6.0,54.5,5.0,45.5,5.0,45.5,6.0,5.0,83.3,1.0,16.7,1.0,16.7,73.0,55.0,75.3,18.0,24.7,18.0,24.7,0.0,0.0,0.0,0.0,0.0,0.0,0.0,12.0,7.0,58.3,5.0,41.7,5.0,41.7,0.0,0.0,0.0,0.0,0.0,0.0,0.0,7.0,7.0,100.0,0.0,0.0,0.0,0.0
20112012.0,1480.0,STRATTON R-4,1DISTRICT TOTALS (INCLUDING ALTERNATIVE SCHOOLS),189.0,128.0,67.7,61.0,32.3,61.0,32.3,38.0,26.0,68.4,12.0,31.6,12.0,31.6,18.0,12.0,66.7,6.0,33.3,6.0,33.3,113.0,74.0,65.5,39.0,34.5,39.0,34.5,3.0,3.0,100.0,0.0,0.0,0.0,0.0,15.0,10.0,66.7,5.0,33.3,5.0,33.3,0.0,0.0,0.0,0.0,0.0,0.0,0.0,20.0,16.0,80.0,4.0,20.0,4.0,20.0
20112012.0,1490.0,BETHUNE R-5,1DISTRICT TOTALS (INCLUDING ALTERNATIVE SCHOOLS),156.0,99.0,63.5,57.0,36.5,57.0,36.5,9.0,2.0,22.2,7.0,77.8,7.0,77.8,33.0,23.0,69.7,10.0,30.3,10.0,30.3,109.0,64.0,58.7,45.0,41.3,45.0,41.3,1.0,1.0,100.0,0.0,0.0,0.0,0.0,20.0,18.0,90.0,2.0,10.0,2.0,10.0,0.0,0.0,0.0,0.0,0.0,0.0,0.0,8.0,5.0,62.5,3.0,37.5,3.0,37.5
20112012.0,1500.0,BURLINGTON RE-6J,1DISTRICT TOTALS (INCLUDING ALTERNATIVE SCHOOLS),845.0,643.0,76.1,202.0,23.9,208.0,24.6,83.0,61.0,73.5,22.0,26.5,24.0,28.9,198.0,162.0,81.8,36.0,18.2,40.0,20.2,471.0,343.0,72.8,128.0,27.2,132.0,28.0,39.0,34.0,87.2,5.0,12.8,5.0,12.8,171.0,139.0,81.3,32.0,18.7,32.0,18.7,23.0,6.0,26.1,17.0,73.9,17.0,73.9,25.0,23.0,92.0,2.0,8.0,2.0,8.0
20112012.0,1510.0,LAKE COUNTY R-1,1DISTRICT TOTALS (INCLUDING ALTERNATIVE SCHOOLS),1246.0,930.0,74.6,316.0,25.4,336.0,27.0,128.0,100.0,78.1,28.0,21.9,31.0,24.2,467.0,357.0,76.4,110.0,23.6,119.0,25.5,862.0,665.0,77.1,197.0,22.9,213.0,24.7,3.0,3.0,100.0,0.0,0.0,0.0,0.0,139.0,108.0,77.7,31.0,22.3,33.0,23.7,8.0,1.0,12.5,7.0,87.5,7.0,87.5,60.0,50.0,83.3,10.0,16.7,10.0,16.7
20112012.0,1520.0,DURANGO 9-R,1DISTRICT TOTALS (INCLUDING ALTERNATIVE SCHOOLS),5088.0,3806.0,74.8,1273.0,25.0,1348.0,26.5,429.0,331.0,77.2,99.0,23.1,107.0,24.9,161.0,112.0,69.6,49.0,30.4,55.0,34.2,1738.0,1253.0,72.1,479.0,27.6,522.0,30.0,0.0,0.0,0.0,0.0,0.0,0.0,0.0,1354.0,1105.0,81.6,244.0,18.0,270.0,19.9,54.0,23.0,42.6,27.0,50.0,31.0,57.4,407.0,344.0,84.5,63.0,15.5,64.0,15.7
20112012.0,1530.0,BAYFIELD 10 JT-R,1DISTRICT TOTALS (INCLUDING ALTERNATIVE SCHOOLS),1569.0,1161.0,74.0,412.0,26.3,438.0,27.9,127.0,93.0,73.2,38.0,29.9,43.0,33.9,26.0,19.0,73.1,7.0,26.9,9.0,34.6,512.0,334.0,65.2,178.0,34.8,189.0,36.9,2.0,2.0,100.0,0.0,0.0,0.0,0.0,54.0,43.0,79.6,11.0,20.4,11.0,20.4,10.0,4.0,40.0,6.0,60.0,6.0,60.0,114.0,106.0,93.0,8.0,7.0,9.0,7.9
20112012.0,1540.0,IGNACIO 11 JT,1DISTRICT TOTALS (INCLUDING ALTERNATIVE SCHOOLS),877.0,615.0,70.1,261.0,29.8,288.0,32.8,98.0,80.0,81.6,18.0,18.4,21.0,21.4,43.0,28.0,65.1,15.0,34.9,15.0,34.9,429.0,367.0,85.5,62.0,14.5,67.0,15.6,0.0,0.0,0.0,0.0,0.0,0.0,0.0,481.0,347.0,72.1,133.0,27.7,149.0,31.0,2.0,1.0,50.0,1.0,50.0,1.0,50.0,60.0,53.0,88.3,7.0,11.7,7.0,11.7
20112012.0,1550.0,POUDRE R-1,1DISTRICT TOTALS (INCLUDING ALTERNATIVE SCHOOLS),29031.0,24159.0,83.2,4808.0,16.6,5476.0,18.9,2253.0,1859.0,82.5,391.0,17.4,479.0,21.3,2280.0,1818.0,79.7,464.0,20.4,581.0,25.5,8132.0,7000.0,86.1,1094.0,13.5,1450.0,17.8,44.0,33.0,75.0,11.0,25.0,11.0,25.0,2010.0,1571.0,78.2,428.0,21.3,494.0,24.6,721.0,497.0,68.9,217.0,30.1,268.0,37.2,2627.0,2479.0,94.4,146.0,5.6,169.0,6.4
20112012.0,1560.0,THOMPSON R2-J,1DISTRICT TOTALS (INCLUDING ALTERNATIVE SCHOOLS),16906.0,13276.0,78.5,3565.0,21.1,3885.0,23.0,1756.0,1456.0,82.9,295.0,16.8,326.0,18.6,620.0,476.0,76.8,144.0,23.2,162.0,26.1,5735.0,4436.0,77.3,1262.0,22.0,1429.0,24.9,14.0,3.0,21.4,11.0,78.6,11.0,78.6,2439.0,1831.0,75.1,588.0,24.1,679.0,27.8,355.0,162.0,45.6,189.0,53.2,212.0,59.7,1651.0,1541.0,93.3,109.0,6.6,122.0,7.4
20112012.0,1570.0,PARK (ESTES PARK) R-3,1DISTRICT TOTALS (INCLUDING ALTERNATIVE SCHOOLS),1272.0,972.0,76.4,295.0,23.2,308.0,24.2,98.0,78.0,79.6,20.0,20.4,20.0,20.4,177.0,141.0,79.7,36.0,20.3,37.0,20.9,449.0,332.0,73.9,114.0,25.4,121.0,26.9,1.0,1.0,100.0,0.0,0.0,0.0,0.0,121.0,90.0,74.4,31.0,25.6,31.0,25.6,11.0,4.0,36.4,7.0,63.6,7.0,63.6,137.0,124.0,90.5,13.0,9.5,14.0,10.2
20112012.0,1580.0,TRINIDAD 1,1DISTRICT TOTALS (INCLUDING ALTERNATIVE SCHOOLS),1594.0,1163.0,73.0,430.0,27.0,463.0,29.0,189.0,150.0,79.4,39.0,20.6,43.0,22.8,69.0,53.0,76.8,16.0,23.2,16.0,23.2,1081.0,788.0,72.9,292.0,27.0,315.0,29.1,0.0,0.0,0.0,0.0,0.0,0.0,0.0,793.0,576.0,72.6,217.0,27.4,235.0,29.6,12.0,0.0,0.0,12.0,100.0,13.0,108.3,19.0,18.0,94.7,1.0,5.3,1.0,5.3
20112012.0,1590.0,PRIMERO REORGANIZED 2,1DISTRICT TOTALS (INCLUDING ALTERNATIVE SCHOOLS),239.0,115.0,48.1,124.0,51.9,124.0,51.9,20.0,8.0,40.0,12.0,60.0,12.0,60.0,4.0,3.0,75.0,1.0,25.0,1.0,25.0,92.0,43.0,46.7,49.0,53.3,49.0,53.3,2.0,1.0,50.0,1.0,50.0,1.0,50.0,36.0,18.0,50.0,18.0,50.0,18.0,50.0,0.0,0.0,0.0,0.0,0.0,0.0,0.0,5.0,4.0,80.0,1.0,20.0,1.0,20.0
20112012.0,1600.0,HOEHNE REORGANIZED 3,1DISTRICT TOTALS (INCLUDING ALTERNATIVE SCHOOLS),376.0,270.0,71.8,106.0,28.2,106.0,28.2,36.0,26.0,72.2,10.0,27.8,10.0,27.8,5.0,4.0,80.0,1.0,20.0,1.0,20.0,139.0,87.0,62.6,52.0,37.4,52.0,37.4,4.0,4.0,100.0,0.0,0.0,0.0,0.0,29.0,24.0,82.8,5.0,17.2,5.0,17.2,1.0,1.0,100.0,0.0,0.0,0.0,0.0,6.0,5.0,83.3,1.0,16.7,1.0,16.7
20112012.0,1620.0,AGUILAR REORGANIZED 6,1DISTRICT TOTALS (INCLUDING ALTERNATIVE SCHOOLS),123.0,56.0,45.5,66.0,53.7,69.0,56.1,16.0,12.0,75.0,4.0,25.0,4.0,25.0,5.0,4.0,80.0,1.0,20.0,1.0,20.0,85.0,45.0,52.9,40.0,47.1,41.0,48.2,0.0,0.0,0.0,0.0,0.0,0.0,0.0,123.0,56.0,45.5,66.0,53.7,69.0,56.1,0.0,0.0,0.0,0.0,0.0,0.0,0.0,1.0,1.0,100.0,0.0,0.0,0.0,0.0
20112012.0,1750.0,BRANSON REORGANIZED 82,1DISTRICT TOTALS (INCLUDING ALTERNATIVE SCHOOLS),600.0,220.0,36.7,380.0,63.3,385.0,64.2,21.0,9.0,42.9,12.0,57.1,12.0,57.1,3.0,0.0,0.0,3.0,100.0,3.0,100.0,91.0,58.0,63.7,33.0,36.3,33.0,36.3,0.0,0.0,0.0,0.0,0.0,0.0,0.0,0.0,0.0,0.0,0.0,0.0,0.0,0.0,0.0,0.0,0.0,0.0,0.0,0.0,0.0,36.0,28.0,77.8,8.0,22.2,9.0,25.0
20112012.0,1760.0,KIM REORGANIZED 88,1DISTRICT TOTALS (INCLUDING ALTERNATIVE SCHOOLS),61.0,47.0,77.0,14.0,23.0,14.0,23.0,1.0,1.0,100.0,0.0,0.0,0.0,0.0,0.0,0.0,0.0,0.0,0.0,0.0,0.0,37.0,28.0,75.7,9.0,24.3,9.0,24.3,2.0,0.0,0.0,2.0,100.0,2.0,100.0,7.0,7.0,100.0,0.0,0.0,0.0,0.0,0.0,0.0,0.0,0.0,0.0,0.0,0.0,2.0,1.0,50.0,1.0,50.0,1.0,50.0
20112012.0,1780.0,GENOA-HUGO C113,1DISTRICT TOTALS (INCLUDING ALTERNATIVE SCHOOLS),190.0,134.0,70.5,56.0,29.5,58.0,30.5,25.0,17.0,68.0,8.0,32.0,8.0,32.0,0.0,0.0,0.0,0.0,0.0,0.0,0.0,107.0,72.0,67.3,35.0,32.7,37.0,34.6,0.0,0.0,0.0,0.0,0.0,0.0,0.0,25.0,21.0,84.0,4.0,16.0,4.0,16.0,0.0,0.0,0.0,0.0,0.0,0.0,0.0,0.0,0.0,0.0,0.0,0.0,0.0,0.0
20112012.0,1790.0,LIMON RE-4J,1DISTRICT TOTALS (INCLUDING ALTERNATIVE SCHOOLS),542.0,369.0,68.1,173.0,31.9,177.0,32.7,61.0,49.0,80.3,12.0,19.7,12.0,19.7,22.0,12.0,54.5,10.0,45.5,10.0,45.5,251.0,172.0,68.5,79.0,31.5,81.0,32.3,0.0,0.0,0.0,0.0,0.0,0.0,0.0,206.0,131.0,63.6,75.0,36.4,76.0,36.9,15.0,1.0,6.7,14.0,93.3,14.0,93.3,32.0,29.0,90.6,3.0,9.4,3.0,9.4
20112012.0,1810.0,KARVAL RE-23,1DISTRICT TOTALS (INCLUDING ALTERNATIVE SCHOOLS),265.0,93.0,35.1,172.0,64.9,176.0,66.4,27.0,9.0,33.3,18.0,66.7,18.0,66.7,0.0,0.0,0.0,0.0,0.0,0.0,0.0,71.0,31.0,43.7,40.0,56.3,41.0,57.7,0.0,0.0,0.0,0.0,0.0,0.0,0.0,3.0,3.0,100.0,0.0,0.0,0.0,0.0,2.0,0.0,0.0,2.0,100.0,2.0,100.0,2.0,2.0,100.0,0.0,0.0,0.0,0.0
20112012.0,1828.0,VALLEY RE-1,1DISTRICT TOTALS (INCLUDING ALTERNATIVE SCHOOLS),2501.0,1916.0,76.6,583.0,23.3,630.0,25.2,301.0,239.0,79.4,61.0,20.3,70.0,23.3,165.0,131.0,79.4,34.0,20.6,35.0,21.2,1233.0,936.0,75.9,295.0,23.9,323.0,26.2,9.0,5.0,55.6,4.0,44.4,4.0,44.4,1150.0,883.0,76.8,267.0,23.2,286.0,24.9,20.0,7.0,35.0,13.0,65.0,16.0,80.0,176.0,162.0,92.0,14.0,8.0,15.0,8.5
20112012.0,1850.0,FRENCHMAN RE-3,1DISTRICT TOTALS (INCLUDING ALTERNATIVE SCHOOLS),196.0,153.0,78.1,43.0,21.9,44.0,22.4,21.0,14.0,66.7,7.0,33.3,7.0,33.3,1.0,1.0,100.0,0.0,0.0,0.0,0.0,95.0,68.0,71.6,27.0,28.4,27.0,28.4,0.0,0.0,0.0,0.0,0.0,0.0,0.0,29.0,19.0,65.5,10.0,34.5,10.0,34.5,0.0,0.0,0.0,0.0,0.0,0.0,0.0,6.0,6.0,100.0,0.0,0.0,0.0,0.0
20112012.0,1860.0,BUFFALO RE-4J,1DISTRICT TOTALS (INCLUDING ALTERNATIVE SCHOOLS),339.0,279.0,82.3,60.0,17.7,60.0,17.7,33.0,23.0,69.7,10.0,30.3,10.0,30.3,6.0,2.0,33.3,4.0,66.7,4.0,66.7,119.0,88.0,73.9,31.0,26.1,31.0,26.1,0.0,0.0,0.0,0.0,0.0,0.0,0.0,51.0,38.0,74.5,13.0,25.5,13.0,25.5,0.0,0.0,0.0,0.0,0.0,0.0,0.0,8.0,8.0,100.0,0.0,0.0,0.0,0.0
20112012.0,1870.0,PLATEAU RE-5,1DISTRICT TOTALS (INCLUDING ALTERNATIVE SCHOOLS),192.0,151.0,78.6,41.0,21.4,42.0,21.9,17.0,15.0,88.2,2.0,11.8,2.0,11.8,1.0,1.0,100.0,0.0,0.0,0.0,0.0,77.0,64.0,83.1,13.0,16.9,14.0,18.2,0.0,0.0,0.0,0.0,0.0,0.0,0.0,14.0,13.0,92.9,1.0,7.1,1.0,7.1,0.0,0.0,0.0,0.0,0.0,0.0,0.0,9.0,9.0,100.0,0.0,0.0,0.0,0.0
20112012.0,1980.0,DE BEQUE 49JT,1DISTRICT TOTALS (INCLUDING ALTERNATIVE SCHOOLS),149.0,73.0,49.0,76.0,51.0,81.0,54.4,12.0,4.0,33.3,8.0,66.7,8.0,66.7,2.0,2.0,100.0,0.0,0.0,0.0,0.0,72.0,32.0,44.4,40.0,55.6,44.0,61.1,0.0,0.0,0.0,0.0,0.0,0.0,0.0,40.0,27.0,67.5,13.0,32.5,14.0,35.0,0.0,0.0,0.0,0.0,0.0,0.0,0.0,3.0,3.0,100.0,0.0,0.0,0.0,0.0
20112012.0,1990.0,PLATEAU VALLEY 50,1DISTRICT TOTALS (INCLUDING ALTERNATIVE SCHOOLS),653.0,359.0,55.0,294.0,45.0,299.0,45.8,64.0,28.0,43.8,36.0,56.3,36.0,56.3,17.0,8.0,47.1,9.0,52.9,9.0,52.9,160.0,99.0,61.9,61.0,38.1,62.0,38.8,0.0,0.0,0.0,0.0,0.0,0.0,0.0,72.0,59.0,81.9,13.0,18.1,13.0,18.1,0.0,0.0,0.0,0.0,0.0,0.0,0.0,2.0,1.0,50.0,1.0,50.0,1.0,50.0
20112012.0,2000.0,MESA COUNTY VALLEY 51,1DISTRICT TOTALS (INCLUDING ALTERNATIVE SCHOOLS),23983.0,18809.0,78.4,5029.0,21.0,5806.0,24.2,2376.0,1969.0,82.9,390.0,16.4,473.0,19.9,1566.0,1238.0,79.1,322.0,20.6,387.0,24.7,494.0,280.0,56.7,207.0,41.9,259.0,52.4,110.0,72.0,65.5,37.0,33.6,46.0,41.8,4575.0,3536.0,77.3,980.0,21.4,1180.0,25.8,388.0,209.0,53.9,173.0,44.6,216.0,55.7,1267.0,1177.0,92.9,87.0,6.9,102.0,8.1
20112012.0,2010.0,CREEDE SCHOOL DISTRICT,1DISTRICT TOTALS (INCLUDING ALTERNATIVE SCHOOLS),104.0,64.0,61.5,40.0,38.5,40.0,38.5,3.0,2.0,66.7,1.0,33.3,1.0,33.3,0.0,0.0,0.0,0.0,0.0,0.0,0.0,48.0,32.0,66.7,16.0,33.3,16.0,33.3,0.0,0.0,0.0,0.0,0.0,0.0,0.0,104.0,64.0,61.5,40.0,38.5,40.0,38.5,0.0,0.0,0.0,0.0,0.0,0.0,0.0,4.0,3.0,75.0,1.0,25.0,1.0,25.0
20112012.0,2020.0,MOFFAT COUNTY RE:NO 1,1DISTRICT TOTALS (INCLUDING ALTERNATIVE SCHOOLS),2448.0,1875.0,76.6,573.0,23.4,638.0,26.1,213.0,164.0,77.0,50.0,23.5,56.0,26.3,254.0,194.0,76.4,59.0,23.2,75.0,29.5,1113.0,864.0,77.6,249.0,22.4,300.0,27.0,0.0,0.0,0.0,0.0,0.0,0.0,0.0,126.0,111.0,88.1,15.0,11.9,19.0,15.1,32.0,7.0,21.9,24.0,75.0,31.0,96.9,94.0,81.0,86.2,13.0,13.8,15.0,16.0
20112012.0,2035.0,MONTEZUMA-CORTEZ RE-1,1DISTRICT TOTALS (INCLUDING ALTERNATIVE SCHOOLS),3250.0,2246.0,69.1,986.0,30.3,1119.0,34.4,316.0,245.0,77.5,69.0,21.8,80.0,25.3,276.0,183.0,66.3,92.0,33.3,102.0,37.0,1950.0,1382.0,70.9,556.0,28.5,653.0,33.5,7.0,7.0,100.0,0.0,0.0,0.0,0.0,1515.0,1108.0,73.1,389.0,25.7,449.0,29.6,0.0,0.0,0.0,0.0,0.0,0.0,0.0,165.0,144.0,87.3,21.0,12.7,22.0,13.3
20112012.0,2055.0,DOLORES RE-4A,1DISTRICT TOTALS (INCLUDING ALTERNATIVE SCHOOLS),780.0,552.0,70.8,228.0,29.2,230.0,29.5,65.0,43.0,66.2,22.0,33.8,22.0,33.8,9.0,8.0,88.9,1.0,11.1,1.0,11.1,337.0,232.0,68.8,105.0,31.2,107.0,31.8,0.0,0.0,0.0,0.0,0.0,0.0,0.0,415.0,287.0,69.2,128.0,30.8,128.0,30.8,0.0,0.0,0.0,0.0,0.0,0.0,0.0,36.0,31.0,86.1,5.0,13.9,5.0,13.9
20112012.0,2070.0,MANCOS RE-6,1DISTRICT TOTALS (INCLUDING ALTERNATIVE SCHOOLS),449.0,304.0,67.7,146.0,32.5,151.0,33.6,26.0,22.0,84.6,5.0,19.2,6.0,23.1,33.0,20.0,60.6,13.0,39.4,13.0,39.4,287.0,188.0,65.5,100.0,34.8,104.0,36.2,2.0,2.0,100.0,0.0,0.0,0.0,0.0,29.0,18.0,62.1,11.0,37.9,11.0,37.9,11.0,3.0,27.3,8.0,72.7,8.0,72.7,35.0,27.0,77.1,8.0,22.9,8.0,22.9
20112012.0,2180.0,MONTROSE COUNTY RE-1J,1DISTRICT TOTALS (INCLUDING ALTERNATIVE SCHOOLS),6747.0,5229.0,77.5,1484.0,22.0,1693.0,25.1,567.0,451.0,79.5,113.0,19.9,128.0,22.6,1080.0,879.0,81.4,196.0,18.1,234.0,21.7,3766.0,2954.0,78.4,789.0,21.0,958.0,25.4,92.0,54.0,58.7,34.0,37.0,43.0,46.7,3080.0,2362.0,76.7,703.0,22.8,811.0,26.3,254.0,103.0,40.6,145.0,57.1,183.0,72.0,471.0,431.0,91.5,40.0,8.5,41.0,8.7
20112012.0,2190.0,WEST END RE-2,1DISTRICT TOTALS (INCLUDING ALTERNATIVE SCHOOLS),351.0,254.0,72.4,97.0,27.6,103.0,29.3,43.0,32.0,74.4,11.0,25.6,13.0,30.2,10.0,3.0,30.0,7.0,70.0,7.0,70.0,179.0,125.0,69.8,54.0,30.2,59.0,33.0,0.0,0.0,0.0,0.0,0.0,0.0,0.0,47.0,32.0,68.1,15.0,31.9,16.0,34.0,1.0,1.0,100.0,0.0,0.0,0.0,0.0,3.0,3.0,100.0,0.0,0.0,0.0,0.0
20112012.0,2395.0,BRUSH RE-2(J),1DISTRICT TOTALS (INCLUDING ALTERNATIVE SCHOOLS),1603.0,1244.0,77.6,359.0,22.4,396.0,24.7,140.0,101.0,72.1,39.0,27.9,40.0,28.6,272.0,236.0,86.8,36.0,13.2,46.0,16.9,893.0,688.0,77.0,205.0,23.0,236.0,26.4,31.0,16.0,51.6,15.0,48.4,18.0,58.1,107.0,92.0,86.0,15.0,14.0,20.0,18.7,35.0,5.0,14.3,30.0,85.7,38.0,108.6,142.0,132.0,93.0,10.0,7.0,11.0,7.7
20112012.0,2405.0,FORT MORGAN RE-3,1DISTRICT TOTALS (INCLUDING ALTERNATIVE SCHOOLS),3403.0,2629.0,77.3,770.0,22.6,843.0,24.8,326.0,255.0,78.2,70.0,21.5,83.0,25.5,1181.0,931.0,78.8,249.0,21.1,269.0,22.8,2316.0,1809.0,78.1,504.0,21.8,568.0,24.5,192.0,98.0,51.0,93.0,48.4,100.0,52.1,1285.0,987.0,76.8,296.0,23.0,327.0,25.4,123.0,37.0,30.1,86.0,69.9,95.0,77.2,172.0,161.0,93.6,11.0,6.4,11.0,6.4
20112012.0,2505.0,WELDON VALLEY RE-20(J),1DISTRICT TOTALS (INCLUDING ALTERNATIVE SCHOOLS),225.0,166.0,73.8,59.0,26.2,59.0,26.2,19.0,14.0,73.7,5.0,26.3,5.0,26.3,2.0,2.0,100.0,0.0,0.0,0.0,0.0,4.0,1.0,25.0,3.0,75.0,3.0,75.0,0.0,0.0,0.0,0.0,0.0,0.0,0.0,34.0,30.0,88.2,4.0,11.8,4.0,11.8,0.0,0.0,0.0,0.0,0.0,0.0,0.0,18.0,15.0,83.3,3.0,16.7,3.0,16.7
20112012.0,2515.0,WIGGINS RE-50(J),1DISTRICT TOTALS (INCLUDING ALTERNATIVE SCHOOLS),561.0,412.0,73.4,149.0,26.6,152.0,27.1,37.0,23.0,62.2,14.0,37.8,15.0,40.5,116.0,93.0,80.2,23.0,19.8,24.0,20.7,266.0,219.0,82.3,47.0,17.7,49.0,18.4,19.0,11.0,57.9,8.0,42.1,8.0,42.1,559.0,412.0,73.7,147.0,26.3,150.0,26.8,21.0,8.0,38.1,13.0,61.9,14.0,66.7,30.0,28.0,93.3,2.0,6.7,2.0,6.7
20112012.0,2520.0,EAST OTERO R-1,1DISTRICT TOTALS (INCLUDING ALTERNATIVE SCHOOLS),1494.0,1056.0,70.7,438.0,29.3,471.0,31.5,174.0,118.0,67.8,56.0,32.2,59.0,33.9,37.0,28.0,75.7,9.0,24.3,9.0,24.3,1030.0,755.0,73.3,275.0,26.7,298.0,28.9,6.0,5.0,83.3,1.0,16.7,1.0,16.7,866.0,619.0,71.5,247.0,28.5,264.0,30.5,2.0,0.0,0.0,2.0,100.0,2.0,100.0,13.0,12.0,92.3,1.0,7.7,1.0,7.7
20112012.0,2530.0,ROCKY FORD R-2,1DISTRICT TOTALS (INCLUDING ALTERNATIVE SCHOOLS),965.0,700.0,72.5,265.0,27.5,279.0,28.9,97.0,68.0,70.1,29.0,29.9,31.0,32.0,93.0,64.0,68.8,29.0,31.2,31.0,33.3,752.0,548.0,72.9,204.0,27.1,217.0,28.9,24.0,12.0,50.0,12.0,50.0,14.0,58.3,657.0,492.0,74.9,165.0,25.1,175.0,26.6,1.0,0.0,0.0,1.0,100.0,1.0,100.0,24.0,22.0,91.7,2.0,8.3,3.0,12.5
20112012.0,2535.0,MANZANOLA 3J,1DISTRICT TOTALS (INCLUDING ALTERNATIVE SCHOOLS),201.0,120.0,59.7,81.0,40.3,85.0,42.3,14.0,12.0,85.7,2.0,14.3,2.0,14.3,59.0,23.0,39.0,36.0,61.0,36.0,61.0,162.0,99.0,61.1,63.0,38.9,66.0,40.7,45.0,17.0,37.8,28.0,62.2,28.0,62.2,100.0,60.0,60.0,40.0,40.0,41.0,41.0,0.0,0.0,0.0,0.0,0.0,0.0,0.0,3.0,3.0,100.0,0.0,0.0,0.0,0.0
20112012.0,2540.0,FOWLER R-4J,1DISTRICT TOTALS (INCLUDING ALTERNATIVE SCHOOLS),463.0,345.0,74.5,118.0,25.5,124.0,26.8,32.0,27.0,84.4,5.0,15.6,5.0,15.6,9.0,5.0,55.6,4.0,44.4,4.0,44.4,269.0,185.0,68.8,84.0,31.2,90.0,33.5,4.0,0.0,0.0,4.0,100.0,4.0,100.0,52.0,36.0,69.2,16.0,30.8,16.0,30.8,0.0,0.0,0.0,0.0,0.0,0.0,0.0,22.0,22.0,100.0,0.0,0.0,0.0,0.0
20112012.0,2560.0,CHERAW 31,1DISTRICT TOTALS (INCLUDING ALTERNATIVE SCHOOLS),224.0,178.0,79.5,46.0,20.5,48.0,21.4,26.0,16.0,61.5,10.0,38.5,10.0,38.5,0.0,0.0,0.0,0.0,0.0,0.0,0.0,130.0,99.0,76.2,31.0,23.8,33.0,25.4,3.0,3.0,100.0,0.0,0.0,0.0,0.0,69.0,54.0,78.3,15.0,21.7,15.0,21.7,1.0,1.0,100.0,0.0,0.0,0.0,0.0,13.0,11.0,84.6,2.0,15.4,2.0,15.4
20112012.0,2570.0,SWINK 33,1DISTRICT TOTALS (INCLUDING ALTERNATIVE SCHOOLS),417.0,315.0,75.5,102.0,24.5,103.0,24.7,21.0,17.0,81.0,4.0,19.0,4.0,19.0,8.0,7.0,87.5,1.0,12.5,1.0,12.5,190.0,134.0,70.5,56.0,29.5,57.0,30.0,1.0,0.0,0.0,1.0,100.0,1.0,100.0,36.0,30.0,83.3,6.0,16.7,6.0,16.7,2.0,0.0,0.0,2.0,100.0,2.0,100.0,0.0,0.0,0.0,0.0,0.0,0.0,0.0
20112012.0,2580.0,OURAY R-1,1DISTRICT TOTALS (INCLUDING ALTERNATIVE SCHOOLS),219.0,146.0,66.7,73.0,33.3,75.0,34.2,25.0,17.0,68.0,8.0,32.0,8.0,32.0,9.0,6.0,66.7,3.0,33.3,3.0,33.3,70.0,47.0,67.1,23.0,32.9,23.0,32.9,0.0,0.0,0.0,0.0,0.0,0.0,0.0,20.0,11.0,55.0,9.0,45.0,9.0,45.0,0.0,0.0,0.0,0.0,0.0,0.0,0.0,29.0,25.0,86.2,4.0,13.8,4.0,13.8
20112012.0,2590.0,RIDGWAY R-2,1DISTRICT TOTALS (INCLUDING ALTERNATIVE SCHOOLS),386.0,273.0,70.7,113.0,29.3,117.0,30.3,18.0,12.0,66.7,6.0,33.3,7.0,38.9,18.0,3.0,16.7,15.0,83.3,15.0,83.3,139.0,93.0,66.9,46.0,33.1,48.0,34.5,3.0,2.0,66.7,1.0,33.3,1.0,33.3,24.0,13.0,54.2,11.0,45.8,12.0,50.0,1.0,0.0,0.0,1.0,100.0,1.0,100.0,29.0,28.0,96.6,1.0,3.4,1.0,3.4
20112012.0,2600.0,PLATTE CANYON 1,1DISTRICT TOTALS (INCLUDING ALTERNATIVE SCHOOLS),1247.0,857.0,68.7,390.0,31.3,404.0,32.4,133.0,96.0,72.2,37.0,27.8,39.0,29.3,0.0,0.0,0.0,0.0,0.0,0.0,0.0,467.0,301.0,64.5,166.0,35.5,171.0,36.6,0.0,0.0,0.0,0.0,0.0,0.0,0.0,125.0,79.0,63.2,46.0,36.8,47.0,37.6,5.0,0.0,0.0,5.0,100.0,5.0,100.0,116.0,100.0,86.2,16.0,13.8,17.0,14.7
20112012.0,2610.0,PARK COUNTY RE-2,1DISTRICT TOTALS (INCLUDING ALTERNATIVE SCHOOLS),624.0,403.0,64.6,220.0,35.3,226.0,36.2,66.0,48.0,72.7,18.0,27.3,20.0,30.3,5.0,2.0,40.0,3.0,60.0,3.0,60.0,315.0,162.0,51.4,153.0,48.6,157.0,49.8,0.0,0.0,0.0,0.0,0.0,0.0,0.0,97.0,82.0,84.5,15.0,15.5,16.0,16.5,0.0,0.0,0.0,0.0,0.0,0.0,0.0,44.0,40.0,90.9,4.0,9.1,4.0,9.1
20112012.0,2620.0,HOLYOKE RE-1J,1DISTRICT TOTALS (INCLUDING ALTERNATIVE SCHOOLS),641.0,505.0,78.8,136.0,21.2,144.0,22.5,69.0,54.0,78.3,15.0,21.7,17.0,24.6,137.0,110.0,80.3,27.0,19.7,30.0,21.9,330.0,245.0,74.2,85.0,25.8,92.0,27.9,11.0,5.0,45.5,6.0,54.5,6.0,54.5,29.0,23.0,79.3,6.0,20.7,6.0,20.7,0.0,0.0,0.0,0.0,0.0,0.0,0.0,36.0,35.0,97.2,1.0,2.8,1.0,2.8
20112012.0,2630.0,HAXTUN RE-2J,1DISTRICT TOTALS (INCLUDING ALTERNATIVE SCHOOLS),319.0,258.0,80.9,61.0,19.1,63.0,19.7,30.0,23.0,76.7,7.0,23.3,7.0,23.3,0.0,0.0,0.0,0.0,0.0,0.0,0.0,125.0,95.0,76.0,30.0,24.0,30.0,24.0,0.0,0.0,0.0,0.0,0.0,0.0,0.0,18.0,15.0,83.3,3.0,16.7,3.0,16.7,0.0,0.0,0.0,0.0,0.0,0.0,0.0,17.0,17.0,100.0,0.0,0.0,0.0,0.0
20112012.0,2640.0,ASPEN 1,1DISTRICT TOTALS (INCLUDING ALTERNATIVE SCHOOLS),1819.0,1529.0,84.1,290.0,15.9,312.0,17.2,120.0,109.0,90.8,11.0,9.2,12.0,10.0,202.0,157.0,77.7,45.0,22.3,49.0,24.3,117.0,92.0,78.6,25.0,21.4,26.0,22.2,0.0,0.0,0.0,0.0,0.0,0.0,0.0,0.0,0.0,0.0,0.0,0.0,0.0,0.0,0.0,0.0,0.0,0.0,0.0,0.0,0.0,98.0,91.0,92.9,7.0,7.1,7.0,7.1
20112012.0,2650.0,GRANADA RE-1,1DISTRICT TOTALS (INCLUDING ALTERNATIVE SCHOOLS),271.0,178.0,65.7,93.0,34.3,93.0,34.3,14.0,9.0,64.3,5.0,35.7,5.0,35.7,25.0,16.0,64.0,9.0,36.0,9.0,36.0,179.0,111.0,62.0,68.0,38.0,68.0,38.0,18.0,1.0,5.6,17.0,94.4,17.0,94.4,61.0,42.0,68.9,19.0,31.1,19.0,31.1,2.0,2.0,100.0,0.0,0.0,0.0,0.0,14.0,12.0,85.7,2.0,14.3,2.0,14.3
20112012.0,2660.0,LAMAR RE-2,1DISTRICT TOTALS (INCLUDING ALTERNATIVE SCHOOLS),1782.0,1368.0,76.8,414.0,23.2,441.0,24.7,154.0,111.0,72.1,43.0,27.9,46.0,29.9,114.0,91.0,79.8,23.0,20.2,26.0,22.8,1242.0,920.0,74.1,322.0,25.9,347.0,27.9,48.0,39.0,81.3,9.0,18.8,10.0,20.8,894.0,708.0,79.2,186.0,20.8,196.0,21.9,25.0,10.0,40.0,15.0,60.0,15.0,60.0,127.0,112.0,88.2,15.0,11.8,16.0,12.6
20112012.0,2670.0,HOLLY RE-3,1DISTRICT TOTALS (INCLUDING ALTERNATIVE SCHOOLS),291.0,240.0,82.5,51.0,17.5,55.0,18.9,29.0,27.0,93.1,2.0,6.9,2.0,6.9,71.0,57.0,80.3,14.0,19.7,15.0,21.1,205.0,164.0,80.0,41.0,20.0,44.0,21.5,21.0,20.0,95.2,1.0,4.8,1.0,4.8,168.0,133.0,79.2,35.0,20.8,39.0,23.2,0.0,0.0,0.0,0.0,0.0,0.0,0.0,32.0,28.0,87.5,4.0,12.5,4.0,12.5
20112012.0,2680.0,WILEY RE-13 JT,1DISTRICT TOTALS (INCLUDING ALTERNATIVE SCHOOLS),256.0,181.0,70.7,75.0,29.3,75.0,29.3,11.0,8.0,72.7,3.0,27.3,3.0,27.3,6.0,6.0,100.0,0.0,0.0,0.0,0.0,143.0,89.0,62.2,54.0,37.8,54.0,37.8,2.0,2.0,100.0,0.0,0.0,0.0,0.0,93.0,79.0,84.9,14.0,15.1,14.0,15.1,0.0,0.0,0.0,0.0,0.0,0.0,0.0,7.0,7.0,100.0,0.0,0.0,0.0,0.0
20112012.0,2690.0,PUEBLO CITY 60,1DISTRICT TOTALS (INCLUDING ALTERNATIVE SCHOOLS),19216.0,14879.0,77.4,4288.0,22.3,4939.0,25.7,2195.0,1782.0,81.2,418.0,19.0,496.0,22.6,1324.0,1033.0,78.0,283.0,21.4,326.0,24.6,12394.0,10231.0,82.5,2057.0,16.6,2584.0,20.8,54.0,34.0,63.0,20.0,37.0,21.0,38.9,8451.0,6485.0,76.7,1936.0,22.9,2263.0,26.8,1421.0,1093.0,76.9,303.0,21.3,378.0,26.6,1129.0,998.0,88.4,126.0,11.2,138.0,12.2
20112012.0,2700.0,PUEBLO COUNTY 70,1DISTRICT TOTALS (INCLUDING ALTERNATIVE SCHOOLS),9920.0,7336.0,74.0,2565.0,25.9,2763.0,27.9,984.0,751.0,76.3,231.0,23.5,263.0,26.7,357.0,258.0,72.3,99.0,27.7,111.0,31.1,3806.0,2853.0,75.0,947.0,24.9,1035.0,27.2,37.0,26.0,70.3,11.0,29.7,12.0,32.4,417.0,289.0,69.3,128.0,30.7,137.0,32.9,32.0,10.0,31.3,22.0,68.8,25.0,78.1,796.0,713.0,89.6,83.0,10.4,89.0,11.2
20112012.0,2710.0,MEEKER RE1,1DISTRICT TOTALS (INCLUDING ALTERNATIVE SCHOOLS),735.0,541.0,73.6,194.0,26.4,196.0,26.7,64.0,48.0,75.0,16.0,25.0,16.0,25.0,63.0,47.0,74.6,16.0,25.4,16.0,25.4,209.0,139.0,66.5,70.0,33.5,71.0,34.0,1.0,1.0,100.0,0.0,0.0,0.0,0.0,76.0,51.0,67.1,25.0,32.9,25.0,32.9,0.0,0.0,0.0,0.0,0.0,0.0,0.0,28.0,28.0,100.0,0.0,0.0,0.0,0.0
20112012.0,2720.0,RANGELY RE-4,1DISTRICT TOTALS (INCLUDING ALTERNATIVE SCHOOLS),531.0,394.0,74.2,137.0,25.8,146.0,27.5,53.0,47.0,88.7,6.0,11.3,6.0,11.3,10.0,10.0,100.0,0.0,0.0,0.0,0.0,164.0,109.0,66.5,55.0,33.5,56.0,34.1,0.0,0.0,0.0,0.0,0.0,0.0,0.0,38.0,32.0,84.2,6.0,15.8,6.0,15.8,1.0,1.0,100.0,0.0,0.0,0.0,0.0,14.0,11.0,78.6,3.0,21.4,3.0,21.4
20112012.0,2730.0,DEL NORTE C-7,1DISTRICT TOTALS (INCLUDING ALTERNATIVE SCHOOLS),635.0,441.0,69.4,193.0,30.4,203.0,32.0,49.0,26.0,53.1,23.0,46.9,23.0,46.9,24.0,18.0,75.0,6.0,25.0,6.0,25.0,290.0,192.0,66.2,98.0,33.8,105.0,36.2,5.0,4.0,80.0,1.0,20.0,1.0,20.0,388.0,297.0,76.5,91.0,23.5,98.0,25.3,1.0,0.0,0.0,1.0,100.0,1.0,100.0,9.0,7.0,77.8,2.0,22.2,2.0,22.2
20112012.0,2740.0,MONTE VISTA C-8,1DISTRICT TOTALS (INCLUDING ALTERNATIVE SCHOOLS),1338.0,954.0,71.3,381.0,28.5,402.0,30.0,90.0,61.0,67.8,29.0,32.2,30.0,33.3,212.0,158.0,74.5,54.0,25.5,60.0,28.3,888.0,682.0,76.8,204.0,23.0,220.0,24.8,65.0,38.0,58.5,27.0,41.5,30.0,46.2,572.0,462.0,80.8,111.0,19.4,113.0,19.8,25.0,10.0,40.0,15.0,60.0,15.0,60.0,6.0,5.0,83.3,1.0,16.7,1.0,16.7
20112012.0,2750.0,SARGENT RE-33J,1DISTRICT TOTALS (INCLUDING ALTERNATIVE SCHOOLS),490.0,399.0,81.4,91.0,18.6,91.0,18.6,13.0,10.0,76.9,3.0,23.1,3.0,23.1,38.0,31.0,81.6,7.0,18.4,7.0,18.4,20.0,13.0,65.0,7.0,35.0,7.0,35.0,4.0,3.0,75.0,1.0,25.0,1.0,25.0,280.0,231.0,82.5,49.0,17.5,49.0,17.5,0.0,0.0,0.0,0.0,0.0,0.0,0.0,15.0,15.0,100.0,0.0,0.0,0.0,0.0
20112012.0,2760.0,HAYDEN RE-1,1DISTRICT TOTALS (INCLUDING ALTERNATIVE SCHOOLS),423.0,307.0,72.6,116.0,27.4,118.0,27.9,60.0,49.0,81.7,11.0,18.3,11.0,18.3,29.0,24.0,82.8,5.0,17.2,5.0,17.2,191.0,130.0,68.1,61.0,31.9,63.0,33.0,0.0,0.0,0.0,0.0,0.0,0.0,0.0,38.0,32.0,84.2,6.0,15.8,6.0,15.8,1.0,1.0,100.0,0.0,0.0,0.0,0.0,13.0,13.0,100.0,0.0,0.0,0.0,0.0
20112012.0,2770.0,STEAMBOAT SPRINGS RE-2,1DISTRICT TOTALS (INCLUDING ALTERNATIVE SCHOOLS),2485.0,1995.0,80.3,491.0,19.8,520.0,20.9,243.0,194.0,79.8,49.0,20.2,49.0,20.2,179.0,119.0,66.5,60.0,33.5,65.0,36.3,368.0,281.0,76.4,87.0,23.6,91.0,24.7,5.0,5.0,100.0,0.0,0.0,0.0,0.0,186.0,167.0,89.8,19.0,10.2,23.0,12.4,0.0,0.0,0.0,0.0,0.0,0.0,0.0,196.0,190.0,96.9,6.0,3.1,6.0,3.1
20112012.0,2780.0,SOUTH ROUTT RE 3,1DISTRICT TOTALS (INCLUDING ALTERNATIVE SCHOOLS),438.0,311.0,71.0,127.0,29.0,133.0,30.4,55.0,45.0,81.8,10.0,18.2,10.0,18.2,27.0,17.0,63.0,10.0,37.0,10.0,37.0,200.0,128.0,64.0,72.0,36.0,73.0,36.5,0.0,0.0,0.0,0.0,0.0,0.0,0.0,21.0,16.0,76.2,5.0,23.8,5.0,23.8,0.0,0.0,0.0,0.0,0.0,0.0,0.0,11.0,9.0,81.8,2.0,18.2,2.0,18.2
20112012.0,2790.0,MOUNTAIN VALLEY RE 1,1DISTRICT TOTALS (INCLUDING ALTERNATIVE SCHOOLS),134.0,80.0,59.7,54.0,40.3,60.0,44.8,16.0,11.0,68.8,5.0,31.3,6.0,37.5,2.0,2.0,100.0,0.0,0.0,0.0,0.0,86.0,50.0,58.1,36.0,41.9,42.0,48.8,0.0,0.0,0.0,0.0,0.0,0.0,0.0,95.0,60.0,63.2,35.0,36.8,41.0,43.2,16.0,8.0,50.0,8.0,50.0,9.0,56.3,0.0,0.0,0.0,0.0,0.0,0.0,0.0
20112012.0,2800.0,MOFFAT 2,1DISTRICT TOTALS (INCLUDING ALTERNATIVE SCHOOLS),231.0,154.0,66.7,77.0,33.3,80.0,34.6,19.0,14.0,73.7,5.0,26.3,5.0,26.3,5.0,3.0,60.0,2.0,40.0,3.0,60.0,111.0,71.0,64.0,40.0,36.0,40.0,36.0,2.0,2.0,100.0,0.0,0.0,0.0,0.0,87.0,51.0,58.6,36.0,41.4,38.0,43.7,21.0,13.0,61.9,8.0,38.1,8.0,38.1,3.0,3.0,100.0,0.0,0.0,0.0,0.0
20112012.0,2810.0,CENTER 26 JT,1DISTRICT TOTALS (INCLUDING ALTERNATIVE SCHOOLS),662.0,463.0,69.9,199.0,30.1,216.0,32.6,53.0,35.0,66.0,18.0,34.0,18.0,34.0,246.0,165.0,67.1,81.0,32.9,90.0,36.6,599.0,441.0,73.6,158.0,26.4,173.0,28.9,116.0,55.0,47.4,61.0,52.6,70.0,60.3,492.0,346.0,70.3,146.0,29.7,160.0,32.5,86.0,39.0,45.3,47.0,54.7,53.0,61.6,2.0,2.0,100.0,0.0,0.0,0.0,0.0
20112012.0,2820.0,SILVERTON 1,1DISTRICT TOTALS (INCLUDING ALTERNATIVE SCHOOLS),84.0,45.0,53.6,39.0,46.4,40.0,47.6,7.0,4.0,57.1,3.0,42.9,3.0,42.9,17.0,9.0,52.9,8.0,47.1,9.0,52.9,51.0,30.0,58.8,21.0,41.2,22.0,43.1,0.0,0.0,0.0,0.0,0.0,0.0,0.0,28.0,19.0,67.9,9.0,32.1,10.0,35.7,1.0,0.0,0.0,1.0,100.0,1.0,100.0,13.0,9.0,69.2,4.0,30.8,4.0,30.8
20112012.0,2830.0,TELLURIDE R-1,1DISTRICT TOTALS (INCLUDING ALTERNATIVE SCHOOLS),788.0,637.0,80.8,151.0,19.2,153.0,19.4,48.0,37.0,77.1,11.0,22.9,12.0,25.0,105.0,83.0,79.0,22.0,21.0,22.0,21.0,181.0,161.0,89.0,20.0,11.0,20.0,11.0,1.0,1.0,100.0,0.0,0.0,0.0,0.0,66.0,50.0,75.8,16.0,24.2,16.0,24.2,1.0,0.0,0.0,1.0,100.0,1.0,100.0,35.0,33.0,94.3,2.0,5.7,2.0,5.7
20112012.0,2840.0,NORWOOD R-2J,1DISTRICT TOTALS (INCLUDING ALTERNATIVE SCHOOLS),277.0,218.0,78.7,59.0,21.3,64.0,23.1,25.0,22.0,88.0,3.0,12.0,3.0,12.0,23.0,15.0,65.2,8.0,34.8,8.0,34.8,131.0,95.0,72.5,36.0,27.5,40.0,30.5,0.0,0.0,0.0,0.0,0.0,0.0,0.0,35.0,29.0,82.9,6.0,17.1,6.0,17.1,0.0,0.0,0.0,0.0,0.0,0.0,0.0,26.0,24.0,92.3,2.0,7.7,2.0,7.7
20112012.0,2862.0,JULESBURG RE-1,1DISTRICT TOTALS (INCLUDING ALTERNATIVE SCHOOLS),1514.0,361.0,23.8,1149.0,75.9,1168.0,77.1,107.0,49.0,45.8,58.0,54.2,60.0,56.1,6.0,6.0,100.0,0.0,0.0,0.0,0.0,209.0,112.0,53.6,96.0,45.9,98.0,46.9,0.0,0.0,0.0,0.0,0.0,0.0,0.0,35.0,31.0,88.6,3.0,8.6,4.0,11.4,0.0,0.0,0.0,0.0,0.0,0.0,0.0,20.0,15.0,75.0,5.0,25.0,5.0,25.0
20112012.0,2865.0,PLATTE VALLEY RE-3,1DISTRICT TOTALS (INCLUDING ALTERNATIVE SCHOOLS),141.0,106.0,75.2,35.0,24.8,35.0,24.8,25.0,21.0,84.0,4.0,16.0,4.0,16.0,0.0,0.0,0.0,0.0,0.0,0.0,0.0,104.0,78.0,75.0,26.0,25.0,26.0,25.0,0.0,0.0,0.0,0.0,0.0,0.0,0.0,4.0,2.0,50.0,2.0,50.0,2.0,50.0,0.0,0.0,0.0,0.0,0.0,0.0,0.0,3.0,2.0,66.7,1.0,33.3,1.0,33.3
20112012.0,3000.0,SUMMIT RE-1,1DISTRICT TOTALS (INCLUDING ALTERNATIVE SCHOOLS),3361.0,2614.0,77.8,746.0,22.2,782.0,23.3,323.0,273.0,84.5,50.0,15.5,54.0,16.7,844.0,692.0,82.0,152.0,18.0,166.0,19.7,1214.0,946.0,77.9,267.0,22.0,290.0,23.9,0.0,0.0,0.0,0.0,0.0,0.0,0.0,149.0,140.0,94.0,9.0,6.0,12.0,8.1,12.0,5.0,41.7,7.0,58.3,7.0,58.3,245.0,212.0,86.5,33.0,13.5,34.0,13.9
20112012.0,3010.0,CRIPPLE CREEK-VICTOR RE-1,1DISTRICT TOTALS (INCLUDING ALTERNATIVE SCHOOLS),483.0,268.0,55.5,215.0,44.5,236.0,48.9,60.0,37.0,61.7,23.0,38.3,23.0,38.3,5.0,3.0,60.0,2.0,40.0,2.0,40.0,271.0,150.0,55.4,121.0,44.6,138.0,50.9,0.0,0.0,0.0,0.0,0.0,0.0,0.0,235.0,125.0,53.2,110.0,46.8,123.0,52.3,27.0,15.0,55.6,12.0,44.4,14.0,51.9,8.0,5.0,62.5,3.0,37.5,3.0,37.5
20112012.0,3020.0,WOODLAND PARK RE-2,1DISTRICT TOTALS (INCLUDING ALTERNATIVE SCHOOLS),3088.0,2192.0,71.0,895.0,29.0,934.0,30.2,227.0,151.0,66.5,76.0,33.5,81.0,35.7,34.0,22.0,64.7,12.0,35.3,12.0,35.3,240.0,37.0,15.4,203.0,84.6,206.0,85.8,0.0,0.0,0.0,0.0,0.0,0.0,0.0,144.0,122.0,84.7,22.0,15.3,24.0,16.7,7.0,3.0,42.9,4.0,57.1,4.0,57.1,74.0,62.0,83.8,12.0,16.2,12.0,16.2
20112012.0,3030.0,AKRON R-1,1DISTRICT TOTALS (INCLUDING ALTERNATIVE SCHOOLS),386.0,309.0,80.1,72.0,18.7,77.0,19.9,47.0,35.0,74.5,10.0,21.3,12.0,25.5,6.0,6.0,100.0,0.0,0.0,0.0,0.0,186.0,139.0,74.7,42.0,22.6,47.0,25.3,2.0,1.0,50.0,1.0,50.0,1.0,50.0,44.0,33.0,75.0,9.0,20.5,11.0,25.0,2.0,0.0,0.0,2.0,100.0,2.0,100.0,17.0,17.0,100.0,0.0,0.0,0.0,0.0
20112012.0,3040.0,ARICKAREE R-2,1DISTRICT TOTALS (INCLUDING ALTERNATIVE SCHOOLS),112.0,86.0,76.8,26.0,23.2,26.0,23.2,7.0,5.0,71.4,2.0,28.6,2.0,28.6,7.0,3.0,42.9,4.0,57.1,4.0,57.1,50.0,28.0,56.0,22.0,44.0,22.0,44.0,14.0,4.0,28.6,10.0,71.4,10.0,71.4,16.0,10.0,62.5,6.0,37.5,6.0,37.5,0.0,0.0,0.0,0.0,0.0,0.0,0.0,0.0,0.0,0.0,0.0,0.0,0.0,0.0
20112012.0,3050.0,OTIS R-3,1DISTRICT TOTALS (INCLUDING ALTERNATIVE SCHOOLS),203.0,159.0,78.3,44.0,21.7,47.0,23.2,26.0,20.0,76.9,6.0,23.1,6.0,23.1,2.0,2.0,100.0,0.0,0.0,0.0,0.0,71.0,48.0,67.6,23.0,32.4,25.0,35.2,1.0,0.0,0.0,1.0,100.0,1.0,100.0,18.0,16.0,88.9,2.0,11.1,2.0,11.1,2.0,0.0,0.0,2.0,100.0,2.0,100.0,18.0,18.0,100.0,0.0,0.0,0.0,0.0
20112012.0,3060.0,LONE STAR 101,1DISTRICT TOTALS (INCLUDING ALTERNATIVE SCHOOLS),126.0,94.0,74.6,32.0,25.4,32.0,25.4,13.0,8.0,61.5,5.0,38.5,5.0,38.5,2.0,0.0,0.0,2.0,100.0,2.0,100.0,56.0,40.0,71.4,16.0,28.6,16.0,28.6,0.0,0.0,0.0,0.0,0.0,0.0,0.0,0.0,0.0,0.0,0.0,0.0,0.0,0.0,0.0,0.0,0.0,0.0,0.0,0.0,0.0,9.0,9.0,100.0,0.0,0.0,0.0,0.0
20112012.0,3070.0,WOODLIN R-104,1DISTRICT TOTALS (INCLUDING ALTERNATIVE SCHOOLS),116.0,75.0,64.7,41.0,35.3,42.0,36.2,13.0,10.0,76.9,3.0,23.1,3.0,23.1,2.0,2.0,100.0,0.0,0.0,0.0,0.0,57.0,33.0,57.9,24.0,42.1,25.0,43.9,0.0,0.0,0.0,0.0,0.0,0.0,0.0,116.0,75.0,64.7,41.0,35.3,42.0,36.2,0.0,0.0,0.0,0.0,0.0,0.0,0.0,6.0,6.0,100.0,0.0,0.0,0.0,0.0
20112012.0,3080.0,WELD COUNTY RE-1,1DISTRICT TOTALS (INCLUDING ALTERNATIVE SCHOOLS),2094.0,1517.0,72.4,574.0,27.4,598.0,28.6,212.0,152.0,71.7,60.0,28.3,61.0,28.8,397.0,315.0,79.3,81.0,20.4,89.0,22.4,830.0,678.0,81.7,151.0,18.2,161.0,19.4,19.0,19.0,100.0,0.0,0.0,0.0,0.0,165.0,138.0,83.6,27.0,16.4,27.0,16.4,17.0,8.0,47.1,9.0,52.9,11.0,64.7,83.0,68.0,81.9,15.0,18.1,15.0,18.1
20112012.0,3085.0,EATON RE-2,1DISTRICT TOTALS (INCLUDING ALTERNATIVE SCHOOLS),1985.0,1533.0,77.2,451.0,22.7,472.0,23.8,127.0,89.0,70.1,38.0,29.9,38.0,29.9,176.0,136.0,77.3,40.0,22.7,46.0,26.1,586.0,439.0,74.9,146.0,24.9,153.0,26.1,24.0,17.0,70.8,7.0,29.2,9.0,37.5,157.0,126.0,80.3,31.0,19.7,34.0,21.7,63.0,22.0,34.9,40.0,63.5,41.0,65.1,141.0,133.0,94.3,8.0,5.7,8.0,5.7
20112012.0,3090.0,KEENESBURG RE-3(J),1DISTRICT TOTALS (INCLUDING ALTERNATIVE SCHOOLS),2497.0,1833.0,73.4,662.0,26.5,698.0,28.0,198.0,146.0,73.7,52.0,26.3,55.0,27.8,445.0,331.0,74.4,114.0,25.6,117.0,26.3,1223.0,900.0,73.6,321.0,26.2,351.0,28.7,18.0,9.0,50.0,9.0,50.0,9.0,50.0,138.0,99.0,71.7,39.0,28.3,43.0,31.2,125.0,49.0,39.2,76.0,60.8,86.0,68.8,135.0,121.0,89.6,14.0,10.4,14.0,10.4
20112012.0,3100.0,WINDSOR RE-4,1DISTRICT TOTALS (INCLUDING ALTERNATIVE SCHOOLS),4957.0,3878.0,78.2,1072.0,21.6,1116.0,22.5,383.0,301.0,78.6,82.0,21.4,83.0,21.7,88.0,56.0,63.6,32.0,36.4,35.0,39.8,1036.0,774.0,74.7,255.0,24.6,277.0,26.7,10.0,7.0,70.0,3.0,30.0,3.0,30.0,114.0,95.0,83.3,19.0,16.7,20.0,17.5,35.0,7.0,20.0,28.0,80.0,28.0,80.0,207.0,188.0,90.8,19.0,9.2,19.0,9.2
20112012.0,3110.0,JOHNSTOWN-MILLIKEN RE-5J,1DISTRICT TOTALS (INCLUDING ALTERNATIVE SCHOOLS),3602.0,2742.0,76.1,858.0,23.8,892.0,24.8,331.0,252.0,76.1,79.0,23.9,83.0,25.1,289.0,237.0,82.0,52.0,18.0,54.0,18.7,1095.0,892.0,81.5,202.0,18.4,207.0,18.9,13.0,12.0,92.3,1.0,7.7,1.0,7.7,124.0,105.0,84.7,19.0,15.3,19.0,15.3,1.0,1.0,100.0,0.0,0.0,0.0,0.0,192.0,172.0,89.6,20.0,10.4,20.0,10.4
20112012.0,3120.0,GREELEY 6,1DISTRICT TOTALS (INCLUDING ALTERNATIVE SCHOOLS),21971.0,16903.0,76.9,4982.0,22.7,5624.0,25.6,1875.0,1452.0,77.4,428.0,22.8,488.0,26.0,5636.0,4594.0,81.5,1022.0,18.1,1188.0,21.1,13036.0,10499.0,80.5,2455.0,18.8,2964.0,22.7,496.0,302.0,60.9,183.0,36.9,221.0,44.6,5826.0,4338.0,74.5,1426.0,24.5,1686.0,28.9,400.0,178.0,44.5,214.0,53.5,268.0,67.0,1225.0,1099.0,89.7,121.0,9.9,133.0,10.9
20112012.0,3130.0,PLATTE VALLEY RE-7,1DISTRICT TOTALS (INCLUDING ALTERNATIVE SCHOOLS),1212.0,960.0,79.2,252.0,20.8,259.0,21.4,134.0,107.0,79.9,27.0,20.1,31.0,23.1,89.0,70.0,78.7,19.0,21.3,19.0,21.3,188.0,152.0,80.9,36.0,19.1,38.0,20.2,11.0,5.0,45.5,6.0,54.5,6.0,54.5,584.0,459.0,78.6,125.0,21.4,125.0,21.4,2.0,2.0,100.0,0.0,0.0,0.0,0.0,66.0,61.0,92.4,5.0,7.6,6.0,9.1
20112012.0,3140.0,WELD COUNTY S/D RE-8,1DISTRICT TOTALS (INCLUDING ALTERNATIVE SCHOOLS),2609.0,1976.0,75.7,631.0,24.2,677.0,25.9,155.0,120.0,77.4,35.0,22.6,36.0,23.2,858.0,719.0,83.8,139.0,16.2,158.0,18.4,1551.0,1326.0,85.5,224.0,14.4,253.0,16.3,67.0,44.0,65.7,22.0,32.8,26.0,38.8,1318.0,1024.0,77.7,292.0,22.2,309.0,23.4,52.0,22.0,42.3,30.0,57.7,39.0,75.0,117.0,103.0,88.0,14.0,12.0,16.0,13.7
20112012.0,3145.0,AULT-HIGHLAND RE-9,1DISTRICT TOTALS (INCLUDING ALTERNATIVE SCHOOLS),950.0,659.0,69.4,290.0,30.5,314.0,33.1,101.0,74.0,73.3,27.0,26.7,30.0,29.7,125.0,81.0,64.8,43.0,34.4,45.0,36.0,505.0,346.0,68.5,158.0,31.3,169.0,33.5,17.0,7.0,41.2,10.0,58.8,10.0,58.8,453.0,315.0,69.5,137.0,30.2,147.0,32.5,29.0,14.0,48.3,15.0,51.7,17.0,58.6,33.0,31.0,93.9,2.0,6.1,2.0,6.1
20112012.0,3146.0,BRIGGSDALE RE-10,1DISTRICT TOTALS (INCLUDING ALTERNATIVE SCHOOLS),169.0,130.0,76.9,39.0,23.1,39.0,23.1,11.0,8.0,72.7,3.0,27.3,3.0,27.3,0.0,0.0,0.0,0.0,0.0,0.0,0.0,82.0,63.0,76.8,19.0,23.2,19.0,23.2,1.0,0.0,0.0,1.0,100.0,1.0,100.0,10.0,9.0,90.0,1.0,10.0,1.0,10.0,2.0,2.0,100.0,0.0,0.0,0.0,0.0,0.0,0.0,0.0,0.0,0.0,0.0,0.0
20112012.0,3147.0,PRAIRIE RE-11,1DISTRICT TOTALS (INCLUDING ALTERNATIVE SCHOOLS),185.0,142.0,76.8,43.0,23.2,44.0,23.8,16.0,12.0,75.0,4.0,25.0,4.0,25.0,4.0,0.0,0.0,4.0,100.0,4.0,100.0,54.0,33.0,61.1,21.0,38.9,21.0,38.9,2.0,2.0,100.0,0.0,0.0,0.0,0.0,26.0,18.0,69.2,8.0,30.8,8.0,30.8,0.0,0.0,0.0,0.0,0.0,0.0,0.0,7.0,5.0,71.4,2.0,28.6,2.0,28.6
20112012.0,3148.0,PAWNEE RE-12,1DISTRICT TOTALS (INCLUDING ALTERNATIVE SCHOOLS),96.0,70.0,72.9,26.0,27.1,27.0,28.1,5.0,2.0,40.0,3.0,60.0,3.0,60.0,0.0,0.0,0.0,0.0,0.0,0.0,0.0,24.0,17.0,70.8,7.0,29.2,7.0,29.2,0.0,0.0,0.0,0.0,0.0,0.0,0.0,96.0,70.0,72.9,26.0,27.1,27.0,28.1,0.0,0.0,0.0,0.0,0.0,0.0,0.0,0.0,0.0,0.0,0.0,0.0,0.0,0.0
20112012.0,3200.0,YUMA 1,1DISTRICT TOTALS (INCLUDING ALTERNATIVE SCHOOLS),916.0,686.0,74.9,230.0,25.1,265.0,28.9,80.0,58.0,72.5,22.0,27.5,26.0,32.5,333.0,249.0,74.8,84.0,25.2,109.0,32.7,564.0,398.0,70.6,166.0,29.4,194.0,34.4,76.0,50.0,65.8,26.0,34.2,33.0,43.4,223.0,154.0,69.1,69.0,30.9,84.0,37.7,50.0,9.0,18.0,41.0,82.0,44.0,88.0,15.0,14.0,93.3,1.0,6.7,1.0,6.7
20112012.0,3210.0,WRAY RD-2,1DISTRICT TOTALS (INCLUDING ALTERNATIVE SCHOOLS),762.0,587.0,77.0,175.0,23.0,184.0,24.1,85.0,64.0,75.3,21.0,24.7,21.0,24.7,131.0,107.0,81.7,24.0,18.3,28.0,21.4,407.0,299.0,73.5,108.0,26.5,113.0,27.8,11.0,7.0,63.6,4.0,36.4,4.0,36.4,426.0,334.0,78.4,92.0,21.6,95.0,22.3,16.0,4.0,25.0,12.0,75.0,12.0,75.0,23.0,21.0,91.3,2.0,8.7,2.0,8.7
20112012.0,3220.0,IDALIA RJ-3,1DISTRICT TOTALS (INCLUDING ALTERNATIVE SCHOOLS),159.0,119.0,74.8,40.0,25.2,42.0,26.4,18.0,14.0,77.8,4.0,22.2,4.0,22.2,36.0,24.0,66.7,12.0,33.3,13.0,36.1,95.0,62.0,65.3,33.0,34.7,35.0,36.8,4.0,1.0,25.0,3.0,75.0,3.0,75.0,19.0,12.0,63.2,7.0,36.8,7.0,36.8,0.0,0.0,0.0,0.0,0.0,0.0,0.0,5.0,5.0,100.0,0.0,0.0,0.0,0.0
20112012.0,3230.0,LIBERTY J-4,1DISTRICT TOTALS (INCLUDING ALTERNATIVE SCHOOLS),96.0,66.0,68.8,30.0,31.3,31.0,32.3,14.0,6.0,42.9,8.0,57.1,8.0,57.1,1.0,1.0,100.0,0.0,0.0,0.0,0.0,38.0,20.0,52.6,18.0,47.4,19.0,50.0,3.0,1.0,33.3,2.0,66.7,2.0,66.7,4.0,4.0,100.0,0.0,0.0,0.0,0.0,0.0,0.0,0.0,0.0,0.0,0.0,0.0,4.0,4.0,100.0,0.0,0.0,0.0,0.0
20112012.0,8001.0,CHARTER SCHOOL INSTITUTE,1DISTRICT TOTALS (INCLUDING ALTERNATIVE SCHOOLS),12020.0,5323.0,44.3,6660.0,55.4,6800.0,56.6,708.0,282.0,39.8,424.0,59.9,431.0,60.9,2067.0,904.0,43.7,1157.0,56.0,1181.0,57.1,5764.0,2408.0,41.8,3339.0,57.9,3419.0,59.3,5.0,4.0,80.0,1.0,20.0,1.0,20.0,6594.0,2976.0,45.1,3593.0,54.5,3689.0,55.9,94.0,26.0,27.7,68.0,72.3,69.0,73.4,343.0,172.0,50.1,169.0,49.3,174.0,50.7
20112012.0,9030.0,MOUNTAIN BOCES,1DISTRICT TOTALS (INCLUDING ALTERNATIVE SCHOOLS),184.0,76.0,41.3,113.0,61.4,116.0,63.0,36.0,17.0,47.2,24.0,66.7,24.0,66.7,11.0,5.0,45.5,6.0,54.5,6.0,54.5,127.0,45.0,35.4,82.0,64.6,84.0,66.1,0.0,0.0,0.0,0.0,0.0,0.0,0.0,0.0,0.0,0.0,0.0,0.0,0.0,0.0,35.0,15.0,42.9,20.0,57.1,21.0,60.0,1.0,1.0,100.0,0.0,0.0,1.0,100.0
20112012.0,9035.0,CENTENNIAL BOCES,1DISTRICT TOTALS (INCLUDING ALTERNATIVE SCHOOLS),146.0,0.0,0.0,146.0,100.0,146.0,100.0,2.0,0.0,0.0,2.0,100.0,2.0,100.0,8.0,0.0,0.0,8.0,100.0,8.0,100.0,0.0,0.0,0.0,0.0,0.0,0.0,0.0,0.0,0.0,0.0,0.0,0.0,0.0,0.0,0.0,0.0,0.0,0.0,0.0,0.0,0.0,0.0,0.0,0.0,0.0,0.0,0.0,0.0,0.0,0.0,0.0,0.0,0.0,0.0,0.0
20112012.0,9050.0,SAN JUAN BOCES,1DISTRICT TOTALS (INCLUDING ALTERNATIVE SCHOOLS),84.0,0.0,0.0,84.0,100.0,84.0,100.0,5.0,0.0,0.0,5.0,100.0,5.0,100.0,0.0,0.0,0.0,0.0,0.0,0.0,0.0,0.0,0.0,0.0,0.0,0.0,0.0,0.0,0.0,0.0,0.0,0.0,0.0,0.0,0.0,0.0,0.0,0.0,0.0,0.0,0.0,0.0,0.0,0.0,0.0,0.0,0.0,0.0,0.0,3.0,0.0,0.0,3.0,100.0,3.0,100.0
20112012.0,9130.0,EXPEDITIONARY BOCES,1DISTRICT TOTALS (INCLUDING ALTERNATIVE SCHOOLS),402.0,302.0,75.1,100.0,24.9,101.0,25.1,40.0,34.0,85.0,6.0,15.0,6.0,15.0,16.0,11.0,68.8,5.0,31.3,5.0,31.3,37.0,31.0,83.8,6.0,16.2,6.0,16.2,0.0,0.0,0.0,0.0,0.0,0.0,0.0,0.0,0.0,0.0,0.0,0.0,0.0,0.0,1.0,1.0,100.0,0.0,0.0,0.0,0.0,0.0,0.0,0.0,0.0,0.0,0.0,0.0
